user_id,plan,monthly_revenue,signup_date,churn_date,is_active,status
1,Basic,199,2025-04-13,2025-06-01,0,cancelled
2,Basic,199,2025-09-28,,1,active
3,Premium,999,2025-04-17,,1,active
4,Standard,499,2025-03-13,2025-05-09,0,cancelled
5,Standard,499,2025-07-08,2025-08-27,0,cancelled
6,Basic,199,2025-01-21,2025-02-22,0,cancelled
7,Premium,999,2025-04-13,2025-09-09,0,cancelled
8,Basic,199,2025-05-02,2025-05-20,0,cancelled
9,Standard,499,2025-08-03,,1,active
10,Basic,199,2025-03-29,,1,active
11,Standard,499,2025-04-10,2025-05-01,0,cancelled
12,Basic,199,2025-06-01,2025-07-14,0,cancelled
13,Basic,199,2025-05-11,,1,active
14,Basic,199,2025-05-30,,1,active
15,Basic,199,2025-09-15,,1,active
16,Standard,499,2025-07-11,2025-09-20,0,cancelled
17,Premium,999,2025-06-10,,1,active
18,Premium,999,2025-01-22,2025-01-24,0,cancelled
19,Basic,199,2025-09-10,,1,active
20,Standard,499,2025-08-24,2025-09-26,0,cancelled
21,Standard,499,2025-02-18,2025-10-12,0,cancelled
22,Basic,199,2025-02-28,2025-03-24,0,cancelled
23,Basic,199,2025-06-19,2025-09-18,0,cancelled
24,Standard,499,2025-07-07,,1,active
25,Premium,999,2025-09-28,,1,active
26,Standard,499,2025-07-09,,1,active
27,Basic,199,2025-06-24,2025-07-06,0,cancelled
28,Standard,499,2025-02-20,,1,active
29,Basic,199,2025-02-24,2025-06-04,0,cancelled
30,Standard,499,2025-09-01,,1,active
31,Standard,499,2025-05-11,2025-09-14,0,cancelled
32,Basic,199,2025-05-15,,1,active
33,Premium,999,2025-01-21,2025-10-12,0,cancelled
34,Basic,199,2025-06-16,,1,active
35,Premium,999,2025-03-30,,1,active
36,Basic,199,2025-01-14,2025-04-16,0,cancelled
37,Basic,199,2025-08-30,,1,active
38,Basic,199,2025-09-22,,1,active
39,Basic,199,2025-02-22,2025-03-03,0,cancelled
40,Basic,199,2025-04-02,2025-06-28,0,cancelled
41,Standard,499,2025-09-21,,1,active
42,Standard,499,2025-02-04,,1,active
43,Standard,499,2025-07-25,,1,active
44,Basic,199,2025-03-22,2025-10-27,0,cancelled
45,Standard,499,2025-02-19,2025-04-27,0,cancelled
46,Basic,199,2025-01-02,2025-04-26,0,cancelled
47,Standard,499,2025-02-23,2025-05-08,0,cancelled
48,Basic,199,2025-04-16,2025-04-21,0,cancelled
49,Premium,999,2025-09-17,2025-10-06,0,cancelled
50,Standard,499,2025-07-10,,1,active
51,Standard,499,2025-08-06,2025-09-28,0,cancelled
52,Basic,199,2025-02-13,,1,active
53,Basic,199,2025-06-11,2025-08-14,0,cancelled
54,Basic,199,2025-07-21,2025-09-08,0,cancelled
55,Premium,999,2025-09-27,,1,active
56,Premium,999,2025-09-28,2025-10-30,0,cancelled
57,Basic,199,2025-08-03,2025-09-04,0,cancelled
58,Standard,499,2025-09-09,,1,active
59,Standard,499,2025-07-09,,1,active
60,Standard,499,2025-08-01,2025-10-11,0,cancelled
61,Basic,199,2025-07-27,2025-09-07,0,cancelled
62,Basic,199,2025-08-25,,1,active
63,Basic,199,2025-02-22,,1,active
64,Standard,499,2025-08-05,,1,active
65,Basic,199,2025-09-09,,1,active
66,Basic,199,2025-07-07,2025-08-17,0,cancelled
67,Premium,999,2025-02-10,2025-02-25,0,cancelled
68,Standard,499,2025-06-06,2025-10-05,0,cancelled
69,Premium,999,2025-01-15,,1,active
70,Basic,199,2025-03-06,,1,active
71,Basic,199,2025-01-09,2025-02-21,0,cancelled
72,Premium,999,2025-05-09,2025-05-14,0,cancelled
73,Basic,199,2025-05-16,2025-06-18,0,cancelled
74,Basic,199,2025-03-04,2025-06-27,0,cancelled
75,Basic,199,2025-05-19,2025-08-13,0,cancelled
76,Basic,199,2025-03-22,2025-04-03,0,cancelled
77,Basic,199,2025-06-12,,1,active
78,Premium,999,2025-09-18,,1,active
79,Premium,999,2025-08-19,,1,active
80,Premium,999,2025-02-10,2025-07-04,0,cancelled
81,Basic,199,2025-01-28,2025-03-11,0,cancelled
82,Basic,199,2025-05-15,2025-09-24,0,cancelled
83,Basic,199,2025-07-20,2025-08-17,0,cancelled
84,Premium,999,2025-09-25,,1,active
85,Basic,199,2025-02-02,2025-05-04,0,cancelled
86,Standard,499,2025-02-17,2025-02-24,0,cancelled
87,Standard,499,2025-03-03,2025-06-01,0,cancelled
88,Basic,199,2025-08-04,2025-09-28,0,cancelled
89,Basic,199,2025-04-09,2025-06-03,0,cancelled
90,Premium,999,2025-06-21,2025-10-18,0,cancelled
91,Premium,999,2025-08-02,,1,active
92,Basic,199,2025-02-04,2025-06-21,0,cancelled
93,Basic,199,2025-08-15,2025-09-12,0,cancelled
94,Premium,999,2025-04-11,2025-07-06,0,cancelled
95,Basic,199,2025-05-11,2025-05-25,0,cancelled
96,Basic,199,2025-09-14,,1,active
97,Basic,199,2025-01-05,2025-06-03,0,cancelled
98,Standard,499,2025-08-06,2025-08-10,0,cancelled
99,Basic,199,2025-09-12,,1,active
100,Basic,199,2025-07-26,,1,active
101,Basic,199,2025-01-15,2025-02-11,0,cancelled
102,Standard,499,2025-02-11,2025-02-16,0,cancelled
103,Premium,999,2025-06-28,2025-08-20,0,cancelled
104,Standard,499,2025-03-04,2025-04-08,0,cancelled
105,Standard,499,2025-08-19,,1,active
106,Standard,499,2025-08-29,,1,active
107,Basic,199,2025-02-21,2025-03-31,0,cancelled
108,Basic,199,2025-04-06,2025-04-07,0,cancelled
109,Premium,999,2025-08-10,2025-10-06,0,cancelled
110,Basic,199,2025-08-19,,1,active
111,Basic,199,2025-08-25,,1,active
112,Standard,499,2025-05-23,2025-08-29,0,cancelled
113,Basic,199,2025-06-20,,1,active
114,Basic,199,2025-01-29,2025-08-19,0,cancelled
115,Premium,999,2025-02-05,2025-02-21,0,cancelled
116,Premium,999,2025-01-13,2025-10-11,0,cancelled
117,Basic,199,2025-06-09,,1,active
118,Premium,999,2025-07-06,,1,active
119,Standard,499,2025-08-31,2025-09-14,0,cancelled
120,Standard,499,2025-03-27,2025-08-17,0,cancelled
121,Basic,199,2025-03-07,,1,active
122,Basic,199,2025-06-19,2025-10-15,0,cancelled
123,Standard,499,2025-02-14,2025-09-29,0,cancelled
124,Premium,999,2025-03-03,2025-07-25,0,cancelled
125,Standard,499,2025-05-14,2025-07-01,0,cancelled
126,Basic,199,2025-01-28,2025-05-24,0,cancelled
127,Basic,199,2025-04-18,2025-04-25,0,cancelled
128,Standard,499,2025-02-13,2025-08-25,0,cancelled
129,Basic,199,2025-05-08,,1,active
130,Standard,499,2025-08-19,,1,active
131,Basic,199,2025-07-09,2025-09-19,0,cancelled
132,Basic,199,2025-08-13,,1,active
133,Standard,499,2025-05-01,2025-08-09,0,cancelled
134,Standard,499,2025-04-26,,1,active
135,Basic,199,2025-08-21,2025-08-22,0,cancelled
136,Basic,199,2025-09-16,,1,active
137,Standard,499,2025-07-17,,1,active
138,Basic,199,2025-05-17,2025-06-28,0,cancelled
139,Standard,499,2025-06-14,2025-07-28,0,cancelled
140,Premium,999,2025-08-13,,1,active
141,Basic,199,2025-08-22,,1,active
142,Premium,999,2025-06-21,2025-09-23,0,cancelled
143,Basic,199,2025-06-01,,1,active
144,Standard,499,2025-06-09,2025-10-26,0,cancelled
145,Basic,199,2025-04-06,2025-04-24,0,cancelled
146,Premium,999,2025-08-21,,1,active
147,Basic,199,2025-06-29,2025-07-10,0,cancelled
148,Basic,199,2025-04-23,2025-07-27,0,cancelled
149,Premium,999,2025-02-21,,1,active
150,Standard,499,2025-09-25,,1,active
151,Standard,499,2025-04-23,2025-08-05,0,cancelled
152,Basic,199,2025-04-11,2025-07-23,0,cancelled
153,Standard,499,2025-04-23,2025-09-11,0,cancelled
154,Basic,199,2025-03-22,2025-04-29,0,cancelled
155,Basic,199,2025-07-06,2025-07-21,0,cancelled
156,Standard,499,2025-04-23,2025-05-05,0,cancelled
157,Basic,199,2025-01-02,2025-03-11,0,cancelled
158,Premium,999,2025-05-10,2025-05-16,0,cancelled
159,Premium,999,2025-08-08,2025-08-19,0,cancelled
160,Standard,499,2025-02-23,,1,active
161,Standard,499,2025-08-12,,1,active
162,Standard,499,2025-08-13,,1,active
163,Basic,199,2025-05-06,2025-06-27,0,cancelled
164,Standard,499,2025-05-10,,1,active
165,Basic,199,2025-02-22,2025-10-17,0,cancelled
166,Basic,199,2025-06-21,2025-08-26,0,cancelled
167,Standard,499,2025-08-06,2025-09-11,0,cancelled
168,Standard,499,2025-06-09,,1,active
169,Premium,999,2025-07-17,,1,active
170,Basic,199,2025-09-04,,1,active
171,Standard,499,2025-07-22,2025-10-02,0,cancelled
172,Basic,199,2025-07-03,2025-10-16,0,cancelled
173,Standard,499,2025-05-03,,1,active
174,Standard,499,2025-09-12,,1,active
175,Standard,499,2025-04-08,2025-05-29,0,cancelled
176,Basic,199,2025-07-17,,1,active
177,Basic,199,2025-08-28,,1,active
178,Basic,199,2025-05-24,2025-06-15,0,cancelled
179,Standard,499,2025-04-07,2025-04-10,0,cancelled
180,Premium,999,2025-07-20,,1,active
181,Basic,199,2025-05-04,2025-06-20,0,cancelled
182,Standard,499,2025-07-06,,1,active
183,Premium,999,2025-09-16,2025-10-19,0,cancelled
184,Standard,499,2025-05-28,,1,active
185,Standard,499,2025-09-09,,1,active
186,Standard,499,2025-05-27,2025-07-20,0,cancelled
187,Basic,199,2025-05-28,2025-08-22,0,cancelled
188,Basic,199,2025-07-18,2025-07-19,0,cancelled
189,Basic,199,2025-05-08,,1,active
190,Premium,999,2025-02-08,2025-10-27,0,cancelled
191,Premium,999,2025-05-09,,1,active
192,Standard,499,2025-09-24,2025-10-27,0,cancelled
193,Basic,199,2025-05-31,,1,active
194,Basic,199,2025-04-09,2025-06-13,0,cancelled
195,Basic,199,2025-09-20,,1,active
196,Basic,199,2025-09-09,,1,active
197,Standard,499,2025-05-24,2025-09-29,0,cancelled
198,Premium,999,2025-04-22,,1,active
199,Premium,999,2025-03-01,2025-03-12,0,cancelled
200,Standard,499,2025-01-02,2025-03-13,0,cancelled
201,Basic,199,2025-09-11,,1,active
202,Basic,199,2025-05-20,,1,active
203,Basic,199,2025-02-06,,1,active
204,Standard,499,2025-06-09,,1,active
205,Standard,499,2025-01-09,2025-01-18,0,cancelled
206,Basic,199,2025-08-21,2025-09-04,0,cancelled
207,Basic,199,2025-04-09,,1,active
208,Basic,199,2025-05-27,,1,active
209,Basic,199,2025-07-27,2025-08-14,0,cancelled
210,Basic,199,2025-05-11,2025-08-20,0,cancelled
211,Basic,199,2025-06-01,,1,active
212,Basic,199,2025-02-23,,1,active
213,Premium,999,2025-04-30,,1,active
214,Standard,499,2025-06-10,,1,active
215,Basic,199,2025-04-26,2025-06-26,0,cancelled
216,Basic,199,2025-03-16,2025-07-15,0,cancelled
217,Basic,199,2025-04-23,2025-05-26,0,cancelled
218,Basic,199,2025-04-14,2025-05-09,0,cancelled
219,Basic,199,2025-09-11,2025-10-01,0,cancelled
220,Standard,499,2025-08-15,2025-09-13,0,cancelled
221,Standard,499,2025-04-22,2025-04-23,0,cancelled
222,Standard,499,2025-04-09,,1,active
223,Basic,199,2025-06-02,2025-08-27,0,cancelled
224,Standard,499,2025-07-13,2025-07-25,0,cancelled
225,Basic,199,2025-06-12,2025-08-01,0,cancelled
226,Basic,199,2025-07-27,,1,active
227,Standard,499,2025-06-18,,1,active
228,Standard,499,2025-06-10,2025-07-24,0,cancelled
229,Premium,999,2025-03-09,,1,active
230,Standard,499,2025-05-15,2025-07-20,0,cancelled
231,Premium,999,2025-07-14,2025-07-20,0,cancelled
232,Premium,999,2025-05-08,,1,active
233,Standard,499,2025-02-02,2025-05-09,0,cancelled
234,Standard,499,2025-06-25,,1,active
235,Standard,499,2025-01-22,2025-01-25,0,cancelled
236,Premium,999,2025-08-26,2025-10-22,0,cancelled
237,Standard,499,2025-06-07,,1,active
238,Basic,199,2025-02-07,2025-02-25,0,cancelled
239,Standard,499,2025-08-18,,1,active
240,Basic,199,2025-02-20,,1,active
241,Basic,199,2025-09-21,2025-09-24,0,cancelled
242,Basic,199,2025-01-27,2025-01-28,0,cancelled
243,Standard,499,2025-08-14,2025-09-02,0,cancelled
244,Premium,999,2025-04-07,2025-06-17,0,cancelled
245,Basic,199,2025-05-27,2025-09-04,0,cancelled
246,Basic,199,2025-01-04,2025-01-27,0,cancelled
247,Basic,199,2025-02-04,2025-02-18,0,cancelled
248,Standard,499,2025-07-11,2025-08-07,0,cancelled
249,Basic,199,2025-02-18,2025-05-02,0,cancelled
250,Basic,199,2025-01-17,2025-02-21,0,cancelled
251,Basic,199,2025-06-21,,1,active
252,Basic,199,2025-08-08,2025-09-14,0,cancelled
253,Basic,199,2025-06-07,,1,active
254,Standard,499,2025-02-15,2025-08-10,0,cancelled
255,Basic,199,2025-01-06,2025-01-22,0,cancelled
256,Standard,499,2025-04-09,2025-09-23,0,cancelled
257,Basic,199,2025-08-21,2025-09-10,0,cancelled
258,Basic,199,2025-02-06,2025-03-21,0,cancelled
259,Basic,199,2025-06-30,2025-07-31,0,cancelled
260,Standard,499,2025-04-05,,1,active
261,Premium,999,2025-04-09,2025-06-15,0,cancelled
262,Premium,999,2025-07-07,,1,active
263,Standard,499,2025-04-26,,1,active
264,Basic,199,2025-07-10,2025-07-14,0,cancelled
265,Standard,499,2025-09-10,2025-09-27,0,cancelled
266,Standard,499,2025-06-10,2025-06-22,0,cancelled
267,Basic,199,2025-09-13,,1,active
268,Standard,499,2025-05-08,2025-06-05,0,cancelled
269,Basic,199,2025-01-18,2025-03-16,0,cancelled
270,Basic,199,2025-08-11,,1,active
271,Basic,199,2025-02-23,2025-04-24,0,cancelled
272,Basic,199,2025-02-27,2025-05-09,0,cancelled
273,Standard,499,2025-06-23,2025-09-20,0,cancelled
274,Basic,199,2025-04-24,2025-09-01,0,cancelled
275,Basic,199,2025-05-31,2025-08-04,0,cancelled
276,Basic,199,2025-05-07,,1,active
277,Standard,499,2025-06-04,2025-08-16,0,cancelled
278,Standard,499,2025-04-14,2025-05-15,0,cancelled
279,Basic,199,2025-09-03,,1,active
280,Basic,199,2025-06-25,,1,active
281,Basic,199,2025-02-08,2025-04-27,0,cancelled
282,Premium,999,2025-06-19,2025-09-09,0,cancelled
283,Basic,199,2025-09-04,,1,active
284,Basic,199,2025-01-26,,1,active
285,Basic,199,2025-01-13,2025-08-16,0,cancelled
286,Standard,499,2025-02-05,2025-10-22,0,cancelled
287,Standard,499,2025-06-22,,1,active
288,Basic,199,2025-01-20,,1,active
289,Basic,199,2025-09-21,,1,active
290,Basic,199,2025-05-22,2025-07-20,0,cancelled
291,Standard,499,2025-05-23,2025-09-18,0,cancelled
292,Premium,999,2025-04-02,2025-04-14,0,cancelled
293,Standard,499,2025-08-03,2025-09-29,0,cancelled
294,Standard,499,2025-02-20,,1,active
295,Basic,199,2025-06-02,,1,active
296,Standard,499,2025-07-05,2025-10-23,0,cancelled
297,Standard,499,2025-03-04,,1,active
298,Basic,199,2025-07-09,,1,active
299,Premium,999,2025-05-05,,1,active
300,Basic,199,2025-05-30,2025-06-15,0,cancelled
301,Basic,199,2025-02-27,2025-03-20,0,cancelled
302,Standard,499,2025-06-29,2025-10-03,0,cancelled
303,Standard,499,2025-06-19,2025-06-29,0,cancelled
304,Standard,499,2025-09-28,2025-10-13,0,cancelled
305,Basic,199,2025-02-23,,1,active
306,Standard,499,2025-04-11,,1,active
307,Standard,499,2025-09-21,2025-10-16,0,cancelled
308,Basic,199,2025-02-22,2025-06-05,0,cancelled
309,Premium,999,2025-03-01,,1,active
310,Standard,499,2025-04-18,2025-04-19,0,cancelled
311,Basic,199,2025-01-05,,1,active
312,Standard,499,2025-04-13,2025-08-23,0,cancelled
313,Basic,199,2025-07-15,,1,active
314,Basic,199,2025-09-19,,1,active
315,Basic,199,2025-02-16,2025-05-10,0,cancelled
316,Premium,999,2025-05-24,2025-08-17,0,cancelled
317,Basic,199,2025-09-26,,1,active
318,Standard,499,2025-05-04,2025-09-01,0,cancelled
319,Basic,199,2025-04-16,,1,active
320,Standard,499,2025-06-07,,1,active
321,Standard,499,2025-05-27,2025-06-17,0,cancelled
322,Standard,499,2025-05-25,2025-10-29,0,cancelled
323,Basic,199,2025-04-30,2025-05-12,0,cancelled
324,Standard,499,2025-04-02,2025-06-02,0,cancelled
325,Premium,999,2025-02-27,,1,active
326,Standard,499,2025-08-17,,1,active
327,Basic,199,2025-04-27,2025-05-17,0,cancelled
328,Premium,999,2025-05-07,,1,active
329,Basic,199,2025-05-09,,1,active
330,Standard,499,2025-02-27,,1,active
331,Premium,999,2025-05-02,,1,active
332,Basic,199,2025-01-01,,1,active
333,Basic,199,2025-08-27,,1,active
334,Basic,199,2025-04-06,2025-05-29,0,cancelled
335,Standard,499,2025-05-06,,1,active
336,Standard,499,2025-04-28,2025-08-18,0,cancelled
337,Basic,199,2025-02-17,2025-04-09,0,cancelled
338,Basic,199,2025-03-30,2025-05-13,0,cancelled
339,Basic,199,2025-08-25,2025-10-04,0,cancelled
340,Basic,199,2025-09-29,2025-10-17,0,cancelled
341,Basic,199,2025-07-08,,1,active
342,Premium,999,2025-07-11,,1,active
343,Basic,199,2025-03-10,2025-03-20,0,cancelled
344,Premium,999,2025-09-04,,1,active
345,Standard,499,2025-03-17,2025-04-12,0,cancelled
346,Basic,199,2025-06-03,,1,active
347,Standard,499,2025-05-24,2025-08-07,0,cancelled
348,Standard,499,2025-03-27,2025-05-31,0,cancelled
349,Basic,199,2025-07-04,,1,active
350,Basic,199,2025-08-08,,1,active
351,Basic,199,2025-03-10,2025-07-06,0,cancelled
352,Basic,199,2025-02-16,2025-10-16,0,cancelled
353,Basic,199,2025-04-04,2025-04-30,0,cancelled
354,Basic,199,2025-08-26,,1,active
355,Basic,199,2025-07-23,2025-07-26,0,cancelled
356,Basic,199,2025-08-06,2025-08-08,0,cancelled
357,Basic,199,2025-02-08,2025-08-26,0,cancelled
358,Basic,199,2025-04-10,2025-09-03,0,cancelled
359,Basic,199,2025-09-11,,1,active
360,Premium,999,2025-08-10,,1,active
361,Basic,199,2025-01-23,,1,active
362,Standard,499,2025-09-07,2025-10-21,0,cancelled
363,Basic,199,2025-01-10,2025-04-30,0,cancelled
364,Premium,999,2025-09-03,,1,active
365,Basic,199,2025-04-10,2025-04-22,0,cancelled
366,Premium,999,2025-06-29,,1,active
367,Standard,499,2025-08-11,,1,active
368,Basic,199,2025-09-07,,1,active
369,Premium,999,2025-05-27,,1,active
370,Standard,499,2025-04-06,2025-04-07,0,cancelled
371,Basic,199,2025-09-14,,1,active
372,Standard,499,2025-01-04,2025-06-20,0,cancelled
373,Premium,999,2025-01-16,2025-07-31,0,cancelled
374,Basic,199,2025-09-04,2025-10-07,0,cancelled
375,Basic,199,2025-09-15,,1,active
376,Standard,499,2025-06-09,2025-10-04,0,cancelled
377,Standard,499,2025-06-01,,1,active
378,Premium,999,2025-06-27,2025-08-06,0,cancelled
379,Standard,499,2025-06-12,2025-06-20,0,cancelled
380,Basic,199,2025-02-02,2025-06-30,0,cancelled
381,Premium,999,2025-06-28,2025-10-04,0,cancelled
382,Basic,199,2025-04-11,,1,active
383,Basic,199,2025-09-25,,1,active
384,Standard,499,2025-03-06,,1,active
385,Standard,499,2025-06-17,,1,active
386,Basic,199,2025-02-12,2025-03-15,0,cancelled
387,Standard,499,2025-02-13,2025-02-20,0,cancelled
388,Basic,199,2025-01-12,,1,active
389,Basic,199,2025-04-05,2025-05-16,0,cancelled
390,Standard,499,2025-09-10,,1,active
391,Basic,199,2025-08-30,2025-10-01,0,cancelled
392,Basic,199,2025-02-04,2025-02-08,0,cancelled
393,Basic,199,2025-08-03,,1,active
394,Premium,999,2025-03-31,2025-10-26,0,cancelled
395,Basic,199,2025-09-21,,1,active
396,Basic,199,2025-04-03,2025-05-28,0,cancelled
397,Standard,499,2025-03-31,,1,active
398,Basic,199,2025-04-25,2025-05-14,0,cancelled
399,Basic,199,2025-04-15,2025-04-26,0,cancelled
400,Standard,499,2025-07-15,2025-08-31,0,cancelled
401,Basic,199,2025-04-24,2025-08-26,0,cancelled
402,Premium,999,2025-03-16,2025-08-06,0,cancelled
403,Basic,199,2025-08-05,,1,active
404,Basic,199,2025-09-06,2025-09-14,0,cancelled
405,Basic,199,2025-06-13,,1,active
406,Basic,199,2025-07-11,2025-07-15,0,cancelled
407,Standard,499,2025-08-15,,1,active
408,Basic,199,2025-06-26,2025-10-09,0,cancelled
409,Basic,199,2025-04-09,2025-10-19,0,cancelled
410,Standard,499,2025-02-05,2025-06-15,0,cancelled
411,Standard,499,2025-04-06,,1,active
412,Basic,199,2025-06-01,2025-06-03,0,cancelled
413,Basic,199,2025-05-31,,1,active
414,Basic,199,2025-07-09,,1,active
415,Basic,199,2025-08-12,,1,active
416,Basic,199,2025-02-06,,1,active
417,Standard,499,2025-09-25,,1,active
418,Premium,999,2025-07-02,2025-10-27,0,cancelled
419,Basic,199,2025-01-13,2025-03-26,0,cancelled
420,Basic,199,2025-08-05,2025-08-13,0,cancelled
421,Basic,199,2025-03-03,2025-04-25,0,cancelled
422,Basic,199,2025-03-25,2025-04-08,0,cancelled
423,Basic,199,2025-08-05,2025-10-22,0,cancelled
424,Premium,999,2025-07-06,,1,active
425,Standard,499,2025-01-19,2025-02-28,0,cancelled
426,Premium,999,2025-06-26,2025-09-13,0,cancelled
427,Premium,999,2025-04-10,2025-07-21,0,cancelled
428,Basic,199,2025-08-21,2025-10-04,0,cancelled
429,Standard,499,2025-03-17,,1,active
430,Basic,199,2025-09-22,2025-10-04,0,cancelled
431,Basic,199,2025-07-25,,1,active
432,Premium,999,2025-08-11,,1,active
433,Basic,199,2025-02-21,2025-03-10,0,cancelled
434,Premium,999,2025-05-24,2025-08-18,0,cancelled
435,Basic,199,2025-03-10,2025-04-09,0,cancelled
436,Premium,999,2025-04-09,,1,active
437,Premium,999,2025-01-25,,1,active
438,Standard,499,2025-02-22,2025-03-18,0,cancelled
439,Standard,499,2025-05-31,2025-06-22,0,cancelled
440,Basic,199,2025-05-24,,1,active
441,Standard,499,2025-02-26,2025-05-17,0,cancelled
442,Premium,999,2025-02-08,2025-04-20,0,cancelled
443,Standard,499,2025-04-19,2025-07-11,0,cancelled
444,Standard,499,2025-06-30,2025-07-04,0,cancelled
445,Standard,499,2025-02-11,2025-02-16,0,cancelled
446,Standard,499,2025-07-05,2025-09-11,0,cancelled
447,Standard,499,2025-08-11,,1,active
448,Standard,499,2025-05-02,2025-06-12,0,cancelled
449,Standard,499,2025-05-13,2025-08-19,0,cancelled
450,Basic,199,2025-06-12,2025-07-13,0,cancelled
451,Basic,199,2025-08-03,,1,active
452,Basic,199,2025-08-09,,1,active
453,Basic,199,2025-08-23,2025-10-29,0,cancelled
454,Basic,199,2025-05-26,2025-10-04,0,cancelled
455,Standard,499,2025-08-27,,1,active
456,Basic,199,2025-03-17,2025-05-24,0,cancelled
457,Basic,199,2025-01-09,2025-08-10,0,cancelled
458,Standard,499,2025-03-15,2025-03-19,0,cancelled
459,Premium,999,2025-09-10,2025-10-17,0,cancelled
460,Standard,499,2025-08-18,,1,active
461,Premium,999,2025-01-07,,1,active
462,Standard,499,2025-06-23,2025-07-09,0,cancelled
463,Basic,199,2025-05-21,2025-06-24,0,cancelled
464,Standard,499,2025-06-17,2025-06-19,0,cancelled
465,Standard,499,2025-06-19,2025-09-11,0,cancelled
466,Basic,199,2025-05-02,2025-09-22,0,cancelled
467,Basic,199,2025-07-13,,1,active
468,Standard,499,2025-01-05,2025-01-30,0,cancelled
469,Basic,199,2025-01-29,2025-02-15,0,cancelled
470,Standard,499,2025-06-14,2025-08-21,0,cancelled
471,Basic,199,2025-05-16,,1,active
472,Standard,499,2025-05-25,2025-06-25,0,cancelled
473,Standard,499,2025-08-05,2025-09-12,0,cancelled
474,Basic,199,2025-05-12,,1,active
475,Basic,199,2025-03-11,2025-03-26,0,cancelled
476,Standard,499,2025-09-09,,1,active
477,Standard,499,2025-07-01,,1,active
478,Premium,999,2025-06-16,2025-07-25,0,cancelled
479,Basic,199,2025-04-01,2025-09-06,0,cancelled
480,Standard,499,2025-07-21,2025-09-25,0,cancelled
481,Basic,199,2025-01-19,2025-01-24,0,cancelled
482,Basic,199,2025-02-08,2025-02-27,0,cancelled
483,Basic,199,2025-05-06,2025-08-25,0,cancelled
484,Standard,499,2025-06-22,2025-08-16,0,cancelled
485,Basic,199,2025-05-21,2025-07-14,0,cancelled
486,Basic,199,2025-08-30,,1,active
487,Standard,499,2025-08-08,2025-08-26,0,cancelled
488,Standard,499,2025-05-06,,1,active
489,Basic,199,2025-02-27,2025-06-29,0,cancelled
490,Basic,199,2025-05-28,2025-07-21,0,cancelled
491,Basic,199,2025-01-01,,1,active
492,Basic,199,2025-07-09,,1,active
493,Standard,499,2025-07-10,2025-09-28,0,cancelled
494,Basic,199,2025-04-27,,1,active
495,Standard,499,2025-05-14,,1,active
496,Premium,999,2025-02-27,2025-03-12,0,cancelled
497,Basic,199,2025-02-13,2025-02-25,0,cancelled
498,Premium,999,2025-06-22,2025-09-05,0,cancelled
499,Basic,199,2025-06-09,2025-10-07,0,cancelled
500,Basic,199,2025-06-22,2025-10-07,0,cancelled
501,Basic,199,2025-05-29,2025-07-20,0,cancelled
502,Basic,199,2025-03-21,,1,active
503,Basic,199,2025-08-01,,1,active
504,Basic,199,2025-07-22,2025-08-19,0,cancelled
505,Standard,499,2025-09-09,,1,active
506,Premium,999,2025-08-17,2025-10-27,0,cancelled
507,Standard,499,2025-06-13,,1,active
508,Basic,199,2025-08-15,2025-09-26,0,cancelled
509,Standard,499,2025-05-27,,1,active
510,Standard,499,2025-01-20,,1,active
511,Standard,499,2025-02-16,2025-08-06,0,cancelled
512,Standard,499,2025-08-21,2025-09-26,0,cancelled
513,Premium,999,2025-01-14,2025-06-05,0,cancelled
514,Basic,199,2025-05-23,2025-07-18,0,cancelled
515,Standard,499,2025-01-01,2025-06-02,0,cancelled
516,Basic,199,2025-02-23,,1,active
517,Premium,999,2025-09-16,,1,active
518,Basic,199,2025-05-24,,1,active
519,Basic,199,2025-01-12,2025-09-12,0,cancelled
520,Basic,199,2025-08-12,2025-10-15,0,cancelled
521,Standard,499,2025-09-29,,1,active
522,Basic,199,2025-06-05,,1,active
523,Basic,199,2025-01-08,2025-03-03,0,cancelled
524,Premium,999,2025-05-02,,1,active
525,Premium,999,2025-06-13,,1,active
526,Basic,199,2025-03-31,2025-04-27,0,cancelled
527,Basic,199,2025-05-16,2025-09-11,0,cancelled
528,Standard,499,2025-07-05,,1,active
529,Premium,999,2025-06-27,,1,active
530,Standard,499,2025-01-28,2025-02-19,0,cancelled
531,Standard,499,2025-08-08,,1,active
532,Basic,199,2025-02-10,2025-07-24,0,cancelled
533,Standard,499,2025-08-16,2025-08-28,0,cancelled
534,Standard,499,2025-07-11,2025-07-20,0,cancelled
535,Standard,499,2025-05-25,,1,active
536,Basic,199,2025-07-20,,1,active
537,Premium,999,2025-07-31,,1,active
538,Standard,499,2025-08-08,2025-08-24,0,cancelled
539,Basic,199,2025-08-28,,1,active
540,Standard,499,2025-02-15,2025-02-25,0,cancelled
541,Standard,499,2025-02-04,,1,active
542,Standard,499,2025-09-10,,1,active
543,Standard,499,2025-03-23,2025-05-03,0,cancelled
544,Standard,499,2025-09-13,,1,active
545,Premium,999,2025-07-16,,1,active
546,Basic,199,2025-01-10,2025-08-09,0,cancelled
547,Basic,199,2025-08-30,,1,active
548,Basic,199,2025-09-08,,1,active
549,Standard,499,2025-01-05,2025-03-02,0,cancelled
550,Standard,499,2025-04-29,2025-06-22,0,cancelled
551,Premium,999,2025-03-06,2025-05-08,0,cancelled
552,Standard,499,2025-05-26,,1,active
553,Standard,499,2025-08-12,2025-09-19,0,cancelled
554,Premium,999,2025-08-27,2025-10-12,0,cancelled
555,Basic,199,2025-06-26,2025-07-04,0,cancelled
556,Standard,499,2025-09-24,2025-10-07,0,cancelled
557,Basic,199,2025-03-04,2025-03-20,0,cancelled
558,Standard,499,2025-08-05,2025-08-20,0,cancelled
559,Standard,499,2025-06-26,2025-08-29,0,cancelled
560,Standard,499,2025-04-08,,1,active
561,Basic,199,2025-04-15,2025-05-05,0,cancelled
562,Basic,199,2025-04-09,2025-08-13,0,cancelled
563,Standard,499,2025-01-06,2025-10-09,0,cancelled
564,Standard,499,2025-07-16,,1,active
565,Basic,199,2025-05-13,,1,active
566,Premium,999,2025-09-16,,1,active
567,Basic,199,2025-01-23,2025-04-07,0,cancelled
568,Standard,499,2025-02-22,2025-03-12,0,cancelled
569,Standard,499,2025-06-14,2025-07-15,0,cancelled
570,Standard,499,2025-07-21,,1,active
571,Premium,999,2025-03-24,2025-08-28,0,cancelled
572,Standard,499,2025-05-25,2025-07-24,0,cancelled
573,Standard,499,2025-03-26,2025-08-15,0,cancelled
574,Basic,199,2025-03-19,,1,active
575,Basic,199,2025-01-01,2025-03-29,0,cancelled
576,Basic,199,2025-02-20,,1,active
577,Standard,499,2025-06-22,,1,active
578,Basic,199,2025-07-24,2025-09-01,0,cancelled
579,Basic,199,2025-09-17,,1,active
580,Basic,199,2025-02-03,2025-05-04,0,cancelled
581,Basic,199,2025-04-05,,1,active
582,Basic,199,2025-03-13,2025-06-23,0,cancelled
583,Premium,999,2025-02-08,2025-04-27,0,cancelled
584,Standard,499,2025-06-03,,1,active
585,Standard,499,2025-09-07,,1,active
586,Standard,499,2025-06-11,2025-09-19,0,cancelled
587,Basic,199,2025-04-28,2025-05-21,0,cancelled
588,Premium,999,2025-09-16,,1,active
589,Basic,199,2025-09-25,,1,active
590,Basic,199,2025-02-23,2025-03-29,0,cancelled
591,Standard,499,2025-08-24,2025-09-18,0,cancelled
592,Basic,199,2025-08-10,,1,active
593,Standard,499,2025-09-08,,1,active
594,Basic,199,2025-04-22,2025-06-08,0,cancelled
595,Standard,499,2025-09-12,,1,active
596,Basic,199,2025-07-26,2025-08-16,0,cancelled
597,Basic,199,2025-08-17,,1,active
598,Standard,499,2025-03-07,2025-09-19,0,cancelled
599,Basic,199,2025-03-16,2025-03-20,0,cancelled
600,Basic,199,2025-04-13,2025-08-06,0,cancelled
601,Basic,199,2025-07-11,,1,active
602,Standard,499,2025-09-09,,1,active
603,Standard,499,2025-08-14,2025-10-03,0,cancelled
604,Basic,199,2025-04-08,2025-06-22,0,cancelled
605,Premium,999,2025-09-06,,1,active
606,Premium,999,2025-06-15,2025-08-22,0,cancelled
607,Standard,499,2025-01-30,2025-03-04,0,cancelled
608,Standard,499,2025-09-04,,1,active
609,Basic,199,2025-04-16,2025-08-30,0,cancelled
610,Standard,499,2025-02-20,,1,active
611,Basic,199,2025-03-22,2025-09-26,0,cancelled
612,Basic,199,2025-05-13,2025-07-01,0,cancelled
613,Premium,999,2025-05-18,,1,active
614,Standard,499,2025-07-03,,1,active
615,Basic,199,2025-03-10,2025-03-11,0,cancelled
616,Basic,199,2025-02-03,,1,active
617,Standard,499,2025-09-19,,1,active
618,Basic,199,2025-02-22,2025-04-11,0,cancelled
619,Basic,199,2025-07-24,,1,active
620,Basic,199,2025-05-06,,1,active
621,Basic,199,2025-08-23,,1,active
622,Standard,499,2025-02-12,2025-08-04,0,cancelled
623,Basic,199,2025-08-28,2025-10-02,0,cancelled
624,Standard,499,2025-04-21,2025-07-28,0,cancelled
625,Basic,199,2025-09-06,,1,active
626,Standard,499,2025-05-31,2025-10-06,0,cancelled
627,Premium,999,2025-07-02,,1,active
628,Standard,499,2025-04-05,,1,active
629,Premium,999,2025-01-08,,1,active
630,Premium,999,2025-07-03,2025-09-09,0,cancelled
631,Basic,199,2025-07-14,,1,active
632,Standard,499,2025-07-14,,1,active
633,Premium,999,2025-06-04,2025-06-12,0,cancelled
634,Basic,199,2025-04-03,2025-07-02,0,cancelled
635,Basic,199,2025-06-09,2025-08-24,0,cancelled
636,Premium,999,2025-03-02,2025-04-07,0,cancelled
637,Standard,499,2025-05-02,2025-07-25,0,cancelled
638,Basic,199,2025-02-20,2025-02-27,0,cancelled
639,Basic,199,2025-01-05,2025-07-09,0,cancelled
640,Standard,499,2025-04-02,2025-07-26,0,cancelled
641,Standard,499,2025-06-19,,1,active
642,Standard,499,2025-01-22,2025-03-04,0,cancelled
643,Standard,499,2025-01-01,2025-04-03,0,cancelled
644,Standard,499,2025-05-13,2025-07-26,0,cancelled
645,Standard,499,2025-08-21,2025-09-14,0,cancelled
646,Standard,499,2025-01-12,2025-04-21,0,cancelled
647,Standard,499,2025-02-15,2025-03-14,0,cancelled
648,Standard,499,2025-02-03,2025-04-15,0,cancelled
649,Basic,199,2025-03-19,2025-05-30,0,cancelled
650,Basic,199,2025-08-06,2025-09-06,0,cancelled
651,Premium,999,2025-03-14,2025-04-25,0,cancelled
652,Basic,199,2025-09-06,,1,active
653,Basic,199,2025-02-16,2025-09-12,0,cancelled
654,Basic,199,2025-05-01,2025-07-10,0,cancelled
655,Standard,499,2025-08-02,,1,active
656,Basic,199,2025-08-27,,1,active
657,Basic,199,2025-02-25,2025-05-14,0,cancelled
658,Basic,199,2025-04-17,,1,active
659,Standard,499,2025-02-17,2025-08-14,0,cancelled
660,Basic,199,2025-03-02,2025-07-24,0,cancelled
661,Basic,199,2025-01-26,2025-09-20,0,cancelled
662,Basic,199,2025-09-14,,1,active
663,Premium,999,2025-01-08,2025-04-24,0,cancelled
664,Basic,199,2025-04-23,2025-04-26,0,cancelled
665,Basic,199,2025-09-10,,1,active
666,Standard,499,2025-06-29,,1,active
667,Premium,999,2025-07-26,2025-08-24,0,cancelled
668,Standard,499,2025-05-07,,1,active
669,Premium,999,2025-02-25,2025-05-22,0,cancelled
670,Standard,499,2025-08-02,2025-08-18,0,cancelled
671,Basic,199,2025-01-14,2025-08-06,0,cancelled
672,Standard,499,2025-01-28,,1,active
673,Basic,199,2025-03-19,2025-05-29,0,cancelled
674,Standard,499,2025-08-04,,1,active
675,Basic,199,2025-06-03,,1,active
676,Basic,199,2025-01-14,2025-05-12,0,cancelled
677,Premium,999,2025-07-06,,1,active
678,Basic,199,2025-01-07,2025-01-25,0,cancelled
679,Premium,999,2025-01-03,2025-05-09,0,cancelled
680,Basic,199,2025-04-21,2025-06-10,0,cancelled
681,Basic,199,2025-08-26,2025-10-12,0,cancelled
682,Premium,999,2025-08-27,,1,active
683,Standard,499,2025-08-15,,1,active
684,Standard,499,2025-01-15,2025-04-29,0,cancelled
685,Basic,199,2025-07-11,2025-09-13,0,cancelled
686,Standard,499,2025-04-29,,1,active
687,Standard,499,2025-01-28,2025-02-23,0,cancelled
688,Standard,499,2025-07-21,2025-09-04,0,cancelled
689,Basic,199,2025-02-08,,1,active
690,Premium,999,2025-08-19,2025-08-25,0,cancelled
691,Standard,499,2025-03-27,2025-05-03,0,cancelled
692,Premium,999,2025-05-06,2025-08-12,0,cancelled
693,Standard,499,2025-01-25,2025-09-09,0,cancelled
694,Standard,499,2025-05-25,2025-08-17,0,cancelled
695,Basic,199,2025-01-13,2025-01-29,0,cancelled
696,Basic,199,2025-07-31,2025-08-25,0,cancelled
697,Premium,999,2025-01-25,2025-09-17,0,cancelled
698,Basic,199,2025-03-09,2025-05-12,0,cancelled
699,Basic,199,2025-03-08,2025-04-25,0,cancelled
700,Basic,199,2025-08-21,,1,active
701,Basic,199,2025-04-19,2025-07-30,0,cancelled
702,Premium,999,2025-05-26,,1,active
703,Premium,999,2025-04-21,2025-05-11,0,cancelled
704,Basic,199,2025-08-16,2025-10-10,0,cancelled
705,Basic,199,2025-04-21,2025-09-22,0,cancelled
706,Standard,499,2025-02-03,2025-02-24,0,cancelled
707,Standard,499,2025-04-21,2025-09-30,0,cancelled
708,Premium,999,2025-09-21,,1,active
709,Standard,499,2025-08-24,,1,active
710,Basic,199,2025-03-24,2025-07-03,0,cancelled
711,Standard,499,2025-02-11,,1,active
712,Premium,999,2025-04-11,2025-07-07,0,cancelled
713,Standard,499,2025-01-06,2025-05-23,0,cancelled
714,Standard,499,2025-06-29,2025-07-14,0,cancelled
715,Basic,199,2025-08-14,,1,active
716,Standard,499,2025-08-17,2025-10-01,0,cancelled
717,Standard,499,2025-05-30,,1,active
718,Basic,199,2025-07-17,,1,active
719,Basic,199,2025-03-11,2025-03-24,0,cancelled
720,Basic,199,2025-04-22,2025-06-03,0,cancelled
721,Basic,199,2025-01-04,2025-03-17,0,cancelled
722,Basic,199,2025-04-05,,1,active
723,Basic,199,2025-06-01,2025-06-27,0,cancelled
724,Standard,499,2025-05-17,,1,active
725,Basic,199,2025-09-04,,1,active
726,Basic,199,2025-08-31,2025-09-27,0,cancelled
727,Premium,999,2025-01-31,2025-04-30,0,cancelled
728,Standard,499,2025-02-09,2025-03-28,0,cancelled
729,Standard,499,2025-08-17,2025-08-27,0,cancelled
730,Basic,199,2025-02-05,2025-03-30,0,cancelled
731,Standard,499,2025-08-11,,1,active
732,Basic,199,2025-01-06,2025-01-12,0,cancelled
733,Standard,499,2025-08-08,2025-09-27,0,cancelled
734,Basic,199,2025-03-16,,1,active
735,Standard,499,2025-01-04,2025-07-05,0,cancelled
736,Basic,199,2025-05-14,,1,active
737,Standard,499,2025-04-28,2025-05-07,0,cancelled
738,Standard,499,2025-04-04,2025-08-05,0,cancelled
739,Basic,199,2025-03-03,2025-09-13,0,cancelled
740,Basic,199,2025-07-13,2025-10-24,0,cancelled
741,Standard,499,2025-07-22,2025-08-21,0,cancelled
742,Premium,999,2025-01-26,,1,active
743,Standard,499,2025-06-22,,1,active
744,Basic,199,2025-05-13,2025-07-09,0,cancelled
745,Basic,199,2025-04-28,2025-05-11,0,cancelled
746,Premium,999,2025-07-31,,1,active
747,Standard,499,2025-08-13,2025-09-12,0,cancelled
748,Standard,499,2025-01-20,2025-05-15,0,cancelled
749,Premium,999,2025-04-23,,1,active
750,Premium,999,2025-05-20,,1,active
751,Standard,499,2025-02-16,2025-02-20,0,cancelled
752,Basic,199,2025-01-01,,1,active
753,Basic,199,2025-03-31,2025-04-10,0,cancelled
754,Standard,499,2025-05-22,2025-10-02,0,cancelled
755,Basic,199,2025-02-07,2025-03-15,0,cancelled
756,Basic,199,2025-05-19,,1,active
757,Basic,199,2025-09-16,,1,active
758,Basic,199,2025-06-10,,1,active
759,Standard,499,2025-06-27,,1,active
760,Standard,499,2025-01-10,2025-06-25,0,cancelled
761,Basic,199,2025-09-18,,1,active
762,Basic,199,2025-05-18,,1,active
763,Premium,999,2025-06-21,2025-09-26,0,cancelled
764,Basic,199,2025-01-13,2025-01-26,0,cancelled
765,Standard,499,2025-06-17,,1,active
766,Premium,999,2025-05-10,2025-06-13,0,cancelled
767,Basic,199,2025-03-25,2025-08-20,0,cancelled
768,Standard,499,2025-04-11,2025-06-22,0,cancelled
769,Premium,999,2025-09-22,,1,active
770,Basic,199,2025-02-07,2025-05-26,0,cancelled
771,Standard,499,2025-04-04,2025-06-17,0,cancelled
772,Basic,199,2025-04-05,2025-10-08,0,cancelled
773,Basic,199,2025-03-10,,1,active
774,Standard,499,2025-08-24,,1,active
775,Premium,999,2025-05-17,2025-07-06,0,cancelled
776,Standard,499,2025-03-17,2025-04-16,0,cancelled
777,Basic,199,2025-02-04,2025-04-29,0,cancelled
778,Basic,199,2025-01-01,2025-03-25,0,cancelled
779,Standard,499,2025-03-01,2025-10-02,0,cancelled
780,Basic,199,2025-09-24,,1,active
781,Standard,499,2025-08-17,2025-09-26,0,cancelled
782,Standard,499,2025-09-27,,1,active
783,Standard,499,2025-08-01,2025-09-30,0,cancelled
784,Standard,499,2025-06-14,2025-09-26,0,cancelled
785,Basic,199,2025-01-05,2025-09-18,0,cancelled
786,Basic,199,2025-03-19,2025-06-22,0,cancelled
787,Basic,199,2025-03-03,,1,active
788,Standard,499,2025-05-12,2025-06-21,0,cancelled
789,Standard,499,2025-03-30,2025-08-15,0,cancelled
790,Standard,499,2025-08-25,2025-09-11,0,cancelled
791,Standard,499,2025-02-11,,1,active
792,Premium,999,2025-03-30,2025-07-21,0,cancelled
793,Basic,199,2025-04-14,,1,active
794,Basic,199,2025-01-14,2025-02-21,0,cancelled
795,Basic,199,2025-06-28,,1,active
796,Standard,499,2025-05-05,2025-05-29,0,cancelled
797,Basic,199,2025-01-23,2025-04-12,0,cancelled
798,Standard,499,2025-03-04,2025-07-26,0,cancelled
799,Standard,499,2025-05-23,2025-06-17,0,cancelled
800,Premium,999,2025-06-02,2025-08-22,0,cancelled
801,Premium,999,2025-05-25,2025-08-05,0,cancelled
802,Basic,199,2025-08-13,2025-10-01,0,cancelled
803,Basic,199,2025-04-14,2025-07-17,0,cancelled
804,Standard,499,2025-04-14,2025-10-19,0,cancelled
805,Basic,199,2025-02-08,,1,active
806,Basic,199,2025-07-17,2025-10-06,0,cancelled
807,Standard,499,2025-05-14,2025-06-11,0,cancelled
808,Basic,199,2025-03-08,2025-10-24,0,cancelled
809,Standard,499,2025-06-28,2025-07-15,0,cancelled
810,Standard,499,2025-02-11,,1,active
811,Basic,199,2025-01-15,2025-02-07,0,cancelled
812,Basic,199,2025-04-21,2025-05-05,0,cancelled
813,Basic,199,2025-06-06,2025-07-19,0,cancelled
814,Standard,499,2025-08-19,2025-09-23,0,cancelled
815,Basic,199,2025-06-06,2025-07-10,0,cancelled
816,Premium,999,2025-02-07,,1,active
817,Basic,199,2025-04-07,,1,active
818,Basic,199,2025-09-11,,1,active
819,Basic,199,2025-07-15,,1,active
820,Basic,199,2025-03-27,,1,active
821,Basic,199,2025-01-10,2025-02-25,0,cancelled
822,Standard,499,2025-01-05,2025-01-20,0,cancelled
823,Standard,499,2025-05-03,,1,active
824,Basic,199,2025-04-28,2025-06-22,0,cancelled
825,Basic,199,2025-06-08,2025-06-30,0,cancelled
826,Standard,499,2025-08-16,2025-08-19,0,cancelled
827,Standard,499,2025-08-04,,1,active
828,Basic,199,2025-07-03,,1,active
829,Standard,499,2025-01-15,2025-07-10,0,cancelled
830,Basic,199,2025-06-06,,1,active
831,Standard,499,2025-05-16,2025-06-03,0,cancelled
832,Basic,199,2025-09-18,,1,active
833,Basic,199,2025-06-06,,1,active
834,Premium,999,2025-02-16,2025-04-21,0,cancelled
835,Basic,199,2025-06-22,,1,active
836,Standard,499,2025-05-10,,1,active
837,Basic,199,2025-04-05,,1,active
838,Standard,499,2025-04-25,2025-08-05,0,cancelled
839,Premium,999,2025-08-31,,1,active
840,Basic,199,2025-03-10,2025-06-21,0,cancelled
841,Standard,499,2025-05-28,2025-07-24,0,cancelled
842,Standard,499,2025-01-11,2025-05-09,0,cancelled
843,Standard,499,2025-09-11,2025-10-16,0,cancelled
844,Standard,499,2025-02-07,,1,active
845,Premium,999,2025-05-14,2025-07-22,0,cancelled
846,Basic,199,2025-07-19,,1,active
847,Basic,199,2025-01-23,,1,active
848,Premium,999,2025-08-06,2025-08-24,0,cancelled
849,Standard,499,2025-05-21,2025-06-01,0,cancelled
850,Basic,199,2025-04-14,,1,active
851,Standard,499,2025-07-29,,1,active
852,Standard,499,2025-04-21,2025-05-07,0,cancelled
853,Basic,199,2025-04-14,,1,active
854,Basic,199,2025-06-20,2025-09-01,0,cancelled
855,Standard,499,2025-05-13,,1,active
856,Basic,199,2025-05-07,2025-09-26,0,cancelled
857,Standard,499,2025-04-16,2025-05-21,0,cancelled
858,Standard,499,2025-04-02,2025-06-12,0,cancelled
859,Basic,199,2025-02-20,,1,active
860,Basic,199,2025-01-29,2025-09-28,0,cancelled
861,Basic,199,2025-08-02,2025-08-21,0,cancelled
862,Basic,199,2025-09-24,,1,active
863,Standard,499,2025-09-14,,1,active
864,Basic,199,2025-04-11,2025-05-24,0,cancelled
865,Standard,499,2025-04-20,,1,active
866,Basic,199,2025-07-01,2025-09-26,0,cancelled
867,Basic,199,2025-01-01,,1,active
868,Basic,199,2025-02-24,,1,active
869,Basic,199,2025-05-29,,1,active
870,Basic,199,2025-05-17,2025-06-06,0,cancelled
871,Basic,199,2025-07-21,2025-07-29,0,cancelled
872,Premium,999,2025-04-27,,1,active
873,Standard,499,2025-06-03,2025-10-17,0,cancelled
874,Basic,199,2025-03-04,2025-03-30,0,cancelled
875,Basic,199,2025-09-01,,1,active
876,Basic,199,2025-01-25,2025-02-09,0,cancelled
877,Basic,199,2025-03-31,2025-07-10,0,cancelled
878,Basic,199,2025-03-16,2025-04-10,0,cancelled
879,Basic,199,2025-07-29,2025-07-31,0,cancelled
880,Basic,199,2025-01-17,2025-05-21,0,cancelled
881,Basic,199,2025-05-08,2025-06-21,0,cancelled
882,Basic,199,2025-09-08,,1,active
883,Basic,199,2025-06-28,2025-09-20,0,cancelled
884,Standard,499,2025-07-01,2025-07-02,0,cancelled
885,Basic,199,2025-06-01,2025-07-20,0,cancelled
886,Basic,199,2025-01-25,2025-03-18,0,cancelled
887,Standard,499,2025-06-29,2025-09-09,0,cancelled
888,Premium,999,2025-07-17,2025-08-01,0,cancelled
889,Premium,999,2025-06-10,,1,active
890,Standard,499,2025-06-26,,1,active
891,Basic,199,2025-03-04,2025-04-23,0,cancelled
892,Standard,499,2025-05-30,,1,active
893,Standard,499,2025-06-03,,1,active
894,Basic,199,2025-06-05,,1,active
895,Standard,499,2025-02-18,2025-05-17,0,cancelled
896,Premium,999,2025-03-25,2025-03-26,0,cancelled
897,Basic,199,2025-06-26,2025-07-12,0,cancelled
898,Basic,199,2025-05-28,2025-06-23,0,cancelled
899,Basic,199,2025-04-28,2025-08-17,0,cancelled
900,Basic,199,2025-03-04,2025-08-26,0,cancelled
901,Basic,199,2025-07-08,,1,active
902,Standard,499,2025-02-18,2025-07-20,0,cancelled
903,Standard,499,2025-09-14,,1,active
904,Basic,199,2025-08-12,,1,active
905,Premium,999,2025-05-21,,1,active
906,Basic,199,2025-08-03,2025-08-06,0,cancelled
907,Basic,199,2025-07-30,2025-09-05,0,cancelled
908,Standard,499,2025-02-01,2025-03-02,0,cancelled
909,Standard,499,2025-06-07,2025-08-18,0,cancelled
910,Standard,499,2025-05-24,,1,active
911,Premium,999,2025-01-19,2025-03-12,0,cancelled
912,Standard,499,2025-01-18,2025-03-13,0,cancelled
913,Premium,999,2025-09-14,,1,active
914,Basic,199,2025-03-19,2025-05-10,0,cancelled
915,Standard,499,2025-06-24,2025-08-13,0,cancelled
916,Premium,999,2025-07-13,2025-08-28,0,cancelled
917,Standard,499,2025-04-23,,1,active
918,Basic,199,2025-04-24,2025-05-20,0,cancelled
919,Standard,499,2025-08-10,2025-10-02,0,cancelled
920,Standard,499,2025-06-15,2025-07-19,0,cancelled
921,Basic,199,2025-05-12,2025-06-03,0,cancelled
922,Premium,999,2025-09-21,2025-10-04,0,cancelled
923,Basic,199,2025-02-24,2025-04-22,0,cancelled
924,Basic,199,2025-05-11,2025-05-19,0,cancelled
925,Premium,999,2025-09-23,,1,active
926,Basic,199,2025-06-11,2025-06-30,0,cancelled
927,Basic,199,2025-03-28,2025-05-11,0,cancelled
928,Standard,499,2025-02-24,2025-03-06,0,cancelled
929,Standard,499,2025-06-27,2025-07-10,0,cancelled
930,Basic,199,2025-01-08,2025-03-06,0,cancelled
931,Premium,999,2025-09-04,2025-09-29,0,cancelled
932,Standard,499,2025-09-12,,1,active
933,Standard,499,2025-02-23,2025-04-27,0,cancelled
934,Standard,499,2025-09-06,,1,active
935,Standard,499,2025-08-27,2025-09-21,0,cancelled
936,Basic,199,2025-08-17,,1,active
937,Basic,199,2025-03-08,2025-10-27,0,cancelled
938,Standard,499,2025-02-20,2025-06-01,0,cancelled
939,Standard,499,2025-04-07,2025-08-17,0,cancelled
940,Basic,199,2025-04-02,2025-04-06,0,cancelled
941,Standard,499,2025-09-21,,1,active
942,Standard,499,2025-04-06,2025-05-31,0,cancelled
943,Basic,199,2025-03-29,,1,active
944,Basic,199,2025-03-19,,1,active
945,Basic,199,2025-04-30,,1,active
946,Standard,499,2025-06-14,2025-08-31,0,cancelled
947,Basic,199,2025-07-01,,1,active
948,Basic,199,2025-08-11,,1,active
949,Standard,499,2025-01-07,,1,active
950,Standard,499,2025-09-20,,1,active
951,Basic,199,2025-06-10,,1,active
952,Basic,199,2025-05-31,2025-06-14,0,cancelled
953,Standard,499,2025-03-26,2025-05-30,0,cancelled
954,Premium,999,2025-05-27,2025-05-29,0,cancelled
955,Premium,999,2025-04-22,2025-05-22,0,cancelled
956,Standard,499,2025-02-05,2025-05-05,0,cancelled
957,Basic,199,2025-07-07,,1,active
958,Basic,199,2025-03-23,2025-06-07,0,cancelled
959,Basic,199,2025-01-02,2025-09-27,0,cancelled
960,Basic,199,2025-07-16,2025-09-26,0,cancelled
961,Standard,499,2025-01-11,2025-03-05,0,cancelled
962,Basic,199,2025-08-22,,1,active
963,Basic,199,2025-07-14,2025-09-03,0,cancelled
964,Premium,999,2025-04-29,,1,active
965,Basic,199,2025-01-20,,1,active
966,Basic,199,2025-09-18,2025-09-27,0,cancelled
967,Basic,199,2025-09-13,,1,active
968,Standard,499,2025-08-10,2025-09-08,0,cancelled
969,Standard,499,2025-08-14,,1,active
970,Basic,199,2025-02-22,2025-05-25,0,cancelled
971,Standard,499,2025-03-22,2025-10-04,0,cancelled
972,Standard,499,2025-07-21,,1,active
973,Standard,499,2025-06-07,2025-09-25,0,cancelled
974,Premium,999,2025-04-30,2025-05-08,0,cancelled
975,Standard,499,2025-02-28,2025-03-14,0,cancelled
976,Standard,499,2025-08-03,,1,active
977,Basic,199,2025-05-08,2025-05-18,0,cancelled
978,Basic,199,2025-08-12,2025-08-30,0,cancelled
979,Basic,199,2025-07-28,,1,active
980,Standard,499,2025-04-25,2025-05-29,0,cancelled
981,Standard,499,2025-07-28,,1,active
982,Standard,499,2025-01-14,2025-02-05,0,cancelled
983,Basic,199,2025-01-09,2025-01-19,0,cancelled
984,Standard,499,2025-02-09,2025-05-22,0,cancelled
985,Premium,999,2025-08-25,2025-08-31,0,cancelled
986,Standard,499,2025-07-20,,1,active
987,Standard,499,2025-09-03,,1,active
988,Standard,499,2025-08-23,,1,active
989,Premium,999,2025-01-04,2025-03-11,0,cancelled
990,Standard,499,2025-06-03,2025-10-12,0,cancelled
991,Standard,499,2025-01-29,2025-02-13,0,cancelled
992,Basic,199,2025-04-19,2025-06-29,0,cancelled
993,Basic,199,2025-04-08,2025-05-07,0,cancelled
994,Standard,499,2025-08-03,2025-09-25,0,cancelled
995,Basic,199,2025-03-16,2025-03-17,0,cancelled
996,Premium,999,2025-05-26,2025-07-24,0,cancelled
997,Basic,199,2025-05-08,2025-05-19,0,cancelled
998,Premium,999,2025-02-11,,1,active
999,Basic,199,2025-02-10,2025-10-03,0,cancelled
1000,Basic,199,2025-02-03,2025-04-10,0,cancelled
1001,Premium,999,2025-01-17,2025-04-20,0,cancelled
1002,Basic,199,2025-06-14,2025-09-12,0,cancelled
1003,Basic,199,2025-06-02,2025-07-03,0,cancelled
1004,Basic,199,2025-03-17,2025-08-30,0,cancelled
1005,Standard,499,2025-03-28,2025-04-21,0,cancelled
1006,Basic,199,2025-04-27,,1,active
1007,Standard,499,2025-01-27,2025-07-11,0,cancelled
1008,Standard,499,2025-05-14,2025-07-06,0,cancelled
1009,Standard,499,2025-08-07,,1,active
1010,Standard,499,2025-06-17,2025-07-20,0,cancelled
1011,Standard,499,2025-04-08,2025-10-02,0,cancelled
1012,Basic,199,2025-09-25,,1,active
1013,Standard,499,2025-08-25,,1,active
1014,Basic,199,2025-06-22,,1,active
1015,Standard,499,2025-07-09,2025-08-15,0,cancelled
1016,Basic,199,2025-05-02,,1,active
1017,Premium,999,2025-02-15,2025-03-13,0,cancelled
1018,Basic,199,2025-03-05,2025-05-27,0,cancelled
1019,Basic,199,2025-05-10,,1,active
1020,Standard,499,2025-07-12,2025-08-21,0,cancelled
1021,Standard,499,2025-06-30,2025-10-08,0,cancelled
1022,Basic,199,2025-01-29,2025-02-08,0,cancelled
1023,Standard,499,2025-05-29,,1,active
1024,Standard,499,2025-09-24,2025-10-21,0,cancelled
1025,Premium,999,2025-01-11,2025-04-12,0,cancelled
1026,Standard,499,2025-06-13,,1,active
1027,Basic,199,2025-04-23,,1,active
1028,Basic,199,2025-07-06,2025-10-16,0,cancelled
1029,Premium,999,2025-08-20,,1,active
1030,Standard,499,2025-08-15,2025-09-22,0,cancelled
1031,Basic,199,2025-04-08,2025-04-10,0,cancelled
1032,Basic,199,2025-02-24,2025-05-09,0,cancelled
1033,Standard,499,2025-04-21,2025-05-02,0,cancelled
1034,Basic,199,2025-06-01,2025-10-30,0,cancelled
1035,Basic,199,2025-09-03,,1,active
1036,Basic,199,2025-03-10,2025-03-21,0,cancelled
1037,Basic,199,2025-09-07,,1,active
1038,Basic,199,2025-02-05,2025-08-02,0,cancelled
1039,Standard,499,2025-08-27,2025-09-01,0,cancelled
1040,Basic,199,2025-05-28,2025-09-25,0,cancelled
1041,Basic,199,2025-08-15,,1,active
1042,Basic,199,2025-09-01,,1,active
1043,Basic,199,2025-07-20,,1,active
1044,Basic,199,2025-06-03,2025-10-12,0,cancelled
1045,Basic,199,2025-03-14,2025-03-31,0,cancelled
1046,Standard,499,2025-07-20,,1,active
1047,Basic,199,2025-01-17,2025-07-13,0,cancelled
1048,Basic,199,2025-05-09,2025-07-29,0,cancelled
1049,Basic,199,2025-08-05,2025-08-15,0,cancelled
1050,Standard,499,2025-03-02,2025-05-13,0,cancelled
1051,Premium,999,2025-04-14,2025-06-08,0,cancelled
1052,Basic,199,2025-02-11,2025-08-04,0,cancelled
1053,Premium,999,2025-01-25,,1,active
1054,Basic,199,2025-02-08,2025-03-09,0,cancelled
1055,Standard,499,2025-05-11,2025-07-25,0,cancelled
1056,Basic,199,2025-08-17,,1,active
1057,Standard,499,2025-04-18,,1,active
1058,Standard,499,2025-06-21,,1,active
1059,Basic,199,2025-04-12,2025-05-14,0,cancelled
1060,Standard,499,2025-01-12,2025-02-07,0,cancelled
1061,Standard,499,2025-04-11,2025-05-08,0,cancelled
1062,Basic,199,2025-02-13,2025-03-14,0,cancelled
1063,Basic,199,2025-01-17,2025-07-16,0,cancelled
1064,Basic,199,2025-02-26,2025-04-16,0,cancelled
1065,Standard,499,2025-01-12,2025-03-02,0,cancelled
1066,Standard,499,2025-03-21,2025-06-18,0,cancelled
1067,Basic,199,2025-08-04,,1,active
1068,Standard,499,2025-09-21,2025-09-28,0,cancelled
1069,Premium,999,2025-05-29,2025-10-17,0,cancelled
1070,Standard,499,2025-03-22,2025-05-16,0,cancelled
1071,Standard,499,2025-08-03,2025-08-29,0,cancelled
1072,Standard,499,2025-07-17,2025-09-20,0,cancelled
1073,Basic,199,2025-07-19,,1,active
1074,Basic,199,2025-01-25,2025-02-27,0,cancelled
1075,Standard,499,2025-03-30,,1,active
1076,Basic,199,2025-09-25,,1,active
1077,Premium,999,2025-05-23,2025-07-31,0,cancelled
1078,Basic,199,2025-02-28,2025-03-16,0,cancelled
1079,Basic,199,2025-01-26,2025-08-12,0,cancelled
1080,Premium,999,2025-02-16,2025-05-28,0,cancelled
1081,Standard,499,2025-09-23,,1,active
1082,Basic,199,2025-01-16,2025-02-19,0,cancelled
1083,Standard,499,2025-07-18,2025-07-24,0,cancelled
1084,Standard,499,2025-03-27,2025-04-07,0,cancelled
1085,Standard,499,2025-09-07,,1,active
1086,Basic,199,2025-09-27,,1,active
1087,Standard,499,2025-04-27,2025-06-25,0,cancelled
1088,Premium,999,2025-01-07,2025-07-05,0,cancelled
1089,Basic,199,2025-05-17,,1,active
1090,Premium,999,2025-06-25,2025-09-25,0,cancelled
1091,Premium,999,2025-08-03,2025-10-12,0,cancelled
1092,Standard,499,2025-03-23,2025-05-06,0,cancelled
1093,Standard,499,2025-08-11,,1,active
1094,Basic,199,2025-04-13,2025-04-15,0,cancelled
1095,Basic,199,2025-01-14,2025-02-01,0,cancelled
1096,Standard,499,2025-06-08,,1,active
1097,Premium,999,2025-06-01,,1,active
1098,Standard,499,2025-04-18,2025-08-20,0,cancelled
1099,Standard,499,2025-07-07,,1,active
1100,Basic,199,2025-04-08,2025-06-27,0,cancelled
1101,Basic,199,2025-05-11,2025-09-11,0,cancelled
1102,Basic,199,2025-06-20,2025-08-07,0,cancelled
1103,Basic,199,2025-07-02,2025-07-15,0,cancelled
1104,Standard,499,2025-02-08,2025-07-08,0,cancelled
1105,Basic,199,2025-01-15,,1,active
1106,Standard,499,2025-01-04,2025-01-14,0,cancelled
1107,Basic,199,2025-07-29,2025-09-30,0,cancelled
1108,Standard,499,2025-06-10,,1,active
1109,Standard,499,2025-01-16,2025-01-21,0,cancelled
1110,Basic,199,2025-04-18,2025-07-16,0,cancelled
1111,Basic,199,2025-08-15,,1,active
1112,Basic,199,2025-06-19,,1,active
1113,Premium,999,2025-02-03,2025-05-23,0,cancelled
1114,Basic,199,2025-09-08,2025-10-24,0,cancelled
1115,Standard,499,2025-09-04,,1,active
1116,Premium,999,2025-09-26,,1,active
1117,Standard,499,2025-05-21,2025-08-30,0,cancelled
1118,Basic,199,2025-04-06,2025-08-16,0,cancelled
1119,Premium,999,2025-08-15,,1,active
1120,Basic,199,2025-02-08,2025-02-12,0,cancelled
1121,Basic,199,2025-01-29,2025-03-18,0,cancelled
1122,Premium,999,2025-09-02,,1,active
1123,Standard,499,2025-08-24,,1,active
1124,Basic,199,2025-07-04,,1,active
1125,Basic,199,2025-09-29,2025-10-12,0,cancelled
1126,Basic,199,2025-08-24,,1,active
1127,Standard,499,2025-08-27,,1,active
1128,Basic,199,2025-09-23,2025-10-24,0,cancelled
1129,Premium,999,2025-03-06,2025-05-10,0,cancelled
1130,Premium,999,2025-06-26,2025-06-27,0,cancelled
1131,Premium,999,2025-01-03,2025-04-24,0,cancelled
1132,Basic,199,2025-05-22,2025-06-18,0,cancelled
1133,Standard,499,2025-06-07,2025-08-20,0,cancelled
1134,Premium,999,2025-05-26,,1,active
1135,Premium,999,2025-06-02,2025-06-19,0,cancelled
1136,Basic,199,2025-07-12,,1,active
1137,Basic,199,2025-03-14,,1,active
1138,Basic,199,2025-05-20,,1,active
1139,Standard,499,2025-07-06,2025-07-31,0,cancelled
1140,Standard,499,2025-03-02,2025-10-16,0,cancelled
1141,Standard,499,2025-07-17,2025-07-24,0,cancelled
1142,Basic,199,2025-01-11,2025-01-23,0,cancelled
1143,Basic,199,2025-03-03,,1,active
1144,Basic,199,2025-08-14,,1,active
1145,Basic,199,2025-06-02,2025-07-10,0,cancelled
1146,Basic,199,2025-07-18,2025-09-01,0,cancelled
1147,Standard,499,2025-02-21,2025-06-30,0,cancelled
1148,Standard,499,2025-09-17,,1,active
1149,Standard,499,2025-02-28,2025-03-29,0,cancelled
1150,Basic,199,2025-03-13,2025-05-29,0,cancelled
1151,Basic,199,2025-05-28,2025-07-06,0,cancelled
1152,Basic,199,2025-03-04,2025-09-23,0,cancelled
1153,Premium,999,2025-08-31,,1,active
1154,Basic,199,2025-04-17,2025-08-08,0,cancelled
1155,Standard,499,2025-08-14,2025-08-19,0,cancelled
1156,Basic,199,2025-08-06,,1,active
1157,Premium,999,2025-08-29,,1,active
1158,Standard,499,2025-09-16,,1,active
1159,Basic,199,2025-09-19,,1,active
1160,Standard,499,2025-01-05,2025-02-02,0,cancelled
1161,Basic,199,2025-09-18,2025-10-26,0,cancelled
1162,Premium,999,2025-02-23,2025-03-11,0,cancelled
1163,Basic,199,2025-02-16,2025-09-29,0,cancelled
1164,Basic,199,2025-08-03,2025-08-09,0,cancelled
1165,Standard,499,2025-06-26,,1,active
1166,Standard,499,2025-01-09,2025-07-17,0,cancelled
1167,Basic,199,2025-04-09,2025-07-17,0,cancelled
1168,Standard,499,2025-01-20,2025-04-11,0,cancelled
1169,Basic,199,2025-08-29,,1,active
1170,Basic,199,2025-03-02,2025-09-27,0,cancelled
1171,Standard,499,2025-06-27,2025-09-12,0,cancelled
1172,Basic,199,2025-03-03,,1,active
1173,Basic,199,2025-05-25,2025-09-06,0,cancelled
1174,Standard,499,2025-08-04,2025-08-24,0,cancelled
1175,Basic,199,2025-01-03,,1,active
1176,Standard,499,2025-06-09,,1,active
1177,Basic,199,2025-08-15,2025-09-26,0,cancelled
1178,Basic,199,2025-09-26,,1,active
1179,Basic,199,2025-04-30,,1,active
1180,Standard,499,2025-03-30,,1,active
1181,Standard,499,2025-03-09,,1,active
1182,Basic,199,2025-04-08,2025-05-08,0,cancelled
1183,Basic,199,2025-09-24,,1,active
1184,Premium,999,2025-04-15,2025-05-08,0,cancelled
1185,Basic,199,2025-05-03,,1,active
1186,Premium,999,2025-01-29,2025-04-28,0,cancelled
1187,Basic,199,2025-05-17,,1,active
1188,Standard,499,2025-07-14,,1,active
1189,Basic,199,2025-08-14,2025-09-04,0,cancelled
1190,Premium,999,2025-06-19,,1,active
1191,Standard,499,2025-01-09,,1,active
1192,Basic,199,2025-02-09,2025-05-03,0,cancelled
1193,Basic,199,2025-01-25,2025-04-23,0,cancelled
1194,Standard,499,2025-09-18,,1,active
1195,Standard,499,2025-08-14,2025-09-03,0,cancelled
1196,Basic,199,2025-05-04,,1,active
1197,Basic,199,2025-02-07,2025-04-16,0,cancelled
1198,Standard,499,2025-09-08,,1,active
1199,Basic,199,2025-06-25,2025-09-16,0,cancelled
1200,Standard,499,2025-03-31,,1,active
1201,Basic,199,2025-02-06,2025-02-22,0,cancelled
1202,Premium,999,2025-06-25,2025-07-01,0,cancelled
1203,Premium,999,2025-03-22,,1,active
1204,Premium,999,2025-04-24,2025-05-19,0,cancelled
1205,Basic,199,2025-02-09,2025-03-16,0,cancelled
1206,Premium,999,2025-08-12,2025-08-29,0,cancelled
1207,Basic,199,2025-04-25,2025-06-13,0,cancelled
1208,Standard,499,2025-07-05,2025-08-02,0,cancelled
1209,Standard,499,2025-02-25,2025-02-28,0,cancelled
1210,Basic,199,2025-02-09,2025-08-09,0,cancelled
1211,Premium,999,2025-02-09,2025-07-31,0,cancelled
1212,Basic,199,2025-08-25,2025-09-12,0,cancelled
1213,Standard,499,2025-09-19,,1,active
1214,Standard,499,2025-08-04,,1,active
1215,Standard,499,2025-05-27,,1,active
1216,Basic,199,2025-06-17,2025-08-04,0,cancelled
1217,Basic,199,2025-04-02,2025-07-26,0,cancelled
1218,Standard,499,2025-02-28,2025-03-30,0,cancelled
1219,Basic,199,2025-02-28,,1,active
1220,Basic,199,2025-06-18,,1,active
1221,Basic,199,2025-09-26,,1,active
1222,Basic,199,2025-02-14,2025-07-20,0,cancelled
1223,Premium,999,2025-06-30,2025-10-07,0,cancelled
1224,Basic,199,2025-06-19,2025-10-23,0,cancelled
1225,Standard,499,2025-07-10,2025-10-03,0,cancelled
1226,Basic,199,2025-06-04,2025-06-26,0,cancelled
1227,Basic,199,2025-07-07,2025-10-05,0,cancelled
1228,Basic,199,2025-01-07,2025-02-23,0,cancelled
1229,Basic,199,2025-05-13,,1,active
1230,Basic,199,2025-08-23,2025-09-22,0,cancelled
1231,Standard,499,2025-02-14,2025-06-18,0,cancelled
1232,Basic,199,2025-09-06,2025-10-20,0,cancelled
1233,Basic,199,2025-01-31,2025-10-12,0,cancelled
1234,Basic,199,2025-01-23,2025-01-30,0,cancelled
1235,Basic,199,2025-06-09,,1,active
1236,Premium,999,2025-06-07,2025-06-17,0,cancelled
1237,Standard,499,2025-02-08,2025-02-15,0,cancelled
1238,Basic,199,2025-03-23,2025-04-09,0,cancelled
1239,Basic,199,2025-09-15,2025-09-24,0,cancelled
1240,Premium,999,2025-07-25,,1,active
1241,Basic,199,2025-03-18,,1,active
1242,Standard,499,2025-01-12,,1,active
1243,Basic,199,2025-08-12,2025-10-16,0,cancelled
1244,Premium,999,2025-01-13,2025-02-14,0,cancelled
1245,Premium,999,2025-02-15,2025-06-17,0,cancelled
1246,Standard,499,2025-06-04,2025-08-01,0,cancelled
1247,Basic,199,2025-04-23,2025-08-04,0,cancelled
1248,Basic,199,2025-08-21,,1,active
1249,Basic,199,2025-01-17,2025-03-07,0,cancelled
1250,Basic,199,2025-08-11,,1,active
1251,Basic,199,2025-07-07,2025-08-28,0,cancelled
1252,Basic,199,2025-06-12,,1,active
1253,Standard,499,2025-03-15,2025-08-29,0,cancelled
1254,Standard,499,2025-08-21,,1,active
1255,Basic,199,2025-08-12,,1,active
1256,Basic,199,2025-03-01,2025-05-30,0,cancelled
1257,Premium,999,2025-08-10,,1,active
1258,Basic,199,2025-02-06,2025-03-26,0,cancelled
1259,Standard,499,2025-07-15,,1,active
1260,Basic,199,2025-08-30,,1,active
1261,Basic,199,2025-08-07,2025-09-20,0,cancelled
1262,Basic,199,2025-07-11,2025-09-09,0,cancelled
1263,Basic,199,2025-01-17,2025-08-04,0,cancelled
1264,Standard,499,2025-01-12,2025-02-18,0,cancelled
1265,Standard,499,2025-07-12,,1,active
1266,Basic,199,2025-01-22,2025-08-12,0,cancelled
1267,Premium,999,2025-04-30,2025-10-04,0,cancelled
1268,Basic,199,2025-07-29,,1,active
1269,Premium,999,2025-09-27,2025-10-24,0,cancelled
1270,Premium,999,2025-07-11,,1,active
1271,Basic,199,2025-06-24,2025-10-06,0,cancelled
1272,Basic,199,2025-07-23,,1,active
1273,Basic,199,2025-06-13,,1,active
1274,Standard,499,2025-09-08,,1,active
1275,Standard,499,2025-08-15,,1,active
1276,Premium,999,2025-01-07,2025-10-04,0,cancelled
1277,Standard,499,2025-01-29,,1,active
1278,Basic,199,2025-02-02,,1,active
1279,Basic,199,2025-05-14,2025-05-27,0,cancelled
1280,Standard,499,2025-03-20,2025-03-28,0,cancelled
1281,Basic,199,2025-02-27,2025-06-25,0,cancelled
1282,Standard,499,2025-01-26,,1,active
1283,Basic,199,2025-08-14,,1,active
1284,Basic,199,2025-01-04,2025-02-08,0,cancelled
1285,Basic,199,2025-04-09,2025-10-23,0,cancelled
1286,Standard,499,2025-02-08,2025-06-19,0,cancelled
1287,Basic,199,2025-09-28,,1,active
1288,Standard,499,2025-06-06,2025-09-13,0,cancelled
1289,Basic,199,2025-03-16,2025-06-18,0,cancelled
1290,Standard,499,2025-05-10,2025-07-10,0,cancelled
1291,Standard,499,2025-06-24,2025-10-19,0,cancelled
1292,Basic,199,2025-03-25,2025-05-13,0,cancelled
1293,Standard,499,2025-01-22,2025-05-30,0,cancelled
1294,Basic,199,2025-01-27,2025-02-26,0,cancelled
1295,Basic,199,2025-07-14,,1,active
1296,Basic,199,2025-08-24,,1,active
1297,Standard,499,2025-04-02,2025-05-18,0,cancelled
1298,Premium,999,2025-01-21,2025-10-10,0,cancelled
1299,Standard,499,2025-03-25,2025-06-09,0,cancelled
1300,Standard,499,2025-09-19,,1,active
1301,Standard,499,2025-05-27,,1,active
1302,Basic,199,2025-09-14,2025-09-26,0,cancelled
1303,Premium,999,2025-02-27,2025-03-01,0,cancelled
1304,Basic,199,2025-01-15,2025-05-10,0,cancelled
1305,Premium,999,2025-06-11,2025-07-01,0,cancelled
1306,Standard,499,2025-06-12,,1,active
1307,Standard,499,2025-01-12,,1,active
1308,Standard,499,2025-09-28,2025-10-15,0,cancelled
1309,Basic,199,2025-07-27,2025-09-12,0,cancelled
1310,Standard,499,2025-01-27,2025-05-25,0,cancelled
1311,Basic,199,2025-03-13,2025-06-01,0,cancelled
1312,Standard,499,2025-03-01,,1,active
1313,Standard,499,2025-05-25,2025-08-05,0,cancelled
1314,Premium,999,2025-04-03,2025-08-26,0,cancelled
1315,Standard,499,2025-01-08,2025-06-19,0,cancelled
1316,Basic,199,2025-03-20,2025-10-16,0,cancelled
1317,Basic,199,2025-01-27,2025-04-21,0,cancelled
1318,Standard,499,2025-06-23,,1,active
1319,Basic,199,2025-02-19,2025-06-22,0,cancelled
1320,Basic,199,2025-07-18,2025-08-14,0,cancelled
1321,Standard,499,2025-06-30,,1,active
1322,Standard,499,2025-01-24,,1,active
1323,Standard,499,2025-02-15,,1,active
1324,Basic,199,2025-01-15,,1,active
1325,Standard,499,2025-06-02,2025-08-30,0,cancelled
1326,Basic,199,2025-08-10,2025-08-14,0,cancelled
1327,Standard,499,2025-07-25,2025-08-08,0,cancelled
1328,Basic,199,2025-08-24,2025-09-16,0,cancelled
1329,Premium,999,2025-08-16,2025-08-22,0,cancelled
1330,Basic,199,2025-01-09,,1,active
1331,Basic,199,2025-06-15,,1,active
1332,Standard,499,2025-08-02,2025-08-31,0,cancelled
1333,Standard,499,2025-04-27,2025-05-05,0,cancelled
1334,Basic,199,2025-03-13,,1,active
1335,Standard,499,2025-03-05,2025-06-15,0,cancelled
1336,Basic,199,2025-07-24,,1,active
1337,Premium,999,2025-07-28,2025-10-08,0,cancelled
1338,Standard,499,2025-03-13,2025-04-30,0,cancelled
1339,Basic,199,2025-04-05,2025-10-20,0,cancelled
1340,Standard,499,2025-06-15,2025-10-29,0,cancelled
1341,Basic,199,2025-02-01,2025-02-05,0,cancelled
1342,Basic,199,2025-01-11,2025-06-26,0,cancelled
1343,Premium,999,2025-08-05,,1,active
1344,Standard,499,2025-04-12,2025-04-28,0,cancelled
1345,Basic,199,2025-09-24,,1,active
1346,Basic,199,2025-08-02,,1,active
1347,Basic,199,2025-06-28,2025-08-17,0,cancelled
1348,Premium,999,2025-03-29,2025-09-05,0,cancelled
1349,Basic,199,2025-02-10,2025-02-27,0,cancelled
1350,Basic,199,2025-03-17,2025-06-23,0,cancelled
1351,Basic,199,2025-02-15,2025-05-13,0,cancelled
1352,Basic,199,2025-06-09,,1,active
1353,Basic,199,2025-03-21,2025-04-02,0,cancelled
1354,Basic,199,2025-03-27,2025-04-17,0,cancelled
1355,Basic,199,2025-04-02,,1,active
1356,Basic,199,2025-05-28,2025-08-17,0,cancelled
1357,Premium,999,2025-06-10,,1,active
1358,Basic,199,2025-07-21,,1,active
1359,Standard,499,2025-08-30,,1,active
1360,Standard,499,2025-01-02,2025-03-18,0,cancelled
1361,Standard,499,2025-08-13,,1,active
1362,Premium,999,2025-08-21,,1,active
1363,Basic,199,2025-03-18,2025-03-29,0,cancelled
1364,Basic,199,2025-04-26,2025-08-08,0,cancelled
1365,Basic,199,2025-06-03,2025-10-17,0,cancelled
1366,Basic,199,2025-04-13,,1,active
1367,Standard,499,2025-07-13,2025-07-17,0,cancelled
1368,Standard,499,2025-06-15,,1,active
1369,Premium,999,2025-03-31,,1,active
1370,Basic,199,2025-06-23,2025-10-16,0,cancelled
1371,Premium,999,2025-05-02,,1,active
1372,Basic,199,2025-05-23,2025-10-18,0,cancelled
1373,Basic,199,2025-04-16,2025-06-02,0,cancelled
1374,Basic,199,2025-05-03,2025-05-08,0,cancelled
1375,Standard,499,2025-01-09,2025-03-19,0,cancelled
1376,Basic,199,2025-09-19,,1,active
1377,Premium,999,2025-03-14,,1,active
1378,Premium,999,2025-08-11,2025-09-20,0,cancelled
1379,Premium,999,2025-02-10,2025-03-16,0,cancelled
1380,Basic,199,2025-07-23,,1,active
1381,Premium,999,2025-09-21,,1,active
1382,Standard,499,2025-06-27,,1,active
1383,Basic,199,2025-03-25,2025-07-30,0,cancelled
1384,Basic,199,2025-04-21,2025-07-31,0,cancelled
1385,Basic,199,2025-09-08,,1,active
1386,Basic,199,2025-01-07,2025-05-11,0,cancelled
1387,Standard,499,2025-03-25,2025-10-19,0,cancelled
1388,Premium,999,2025-07-27,2025-09-24,0,cancelled
1389,Basic,199,2025-01-22,2025-08-13,0,cancelled
1390,Standard,499,2025-01-03,2025-01-12,0,cancelled
1391,Premium,999,2025-05-07,2025-07-02,0,cancelled
1392,Basic,199,2025-07-07,2025-08-23,0,cancelled
1393,Premium,999,2025-01-14,2025-03-10,0,cancelled
1394,Standard,499,2025-01-12,2025-01-18,0,cancelled
1395,Standard,499,2025-03-28,2025-04-13,0,cancelled
1396,Basic,199,2025-01-12,2025-07-14,0,cancelled
1397,Standard,499,2025-01-25,2025-01-26,0,cancelled
1398,Basic,199,2025-08-31,,1,active
1399,Standard,499,2025-05-02,2025-05-23,0,cancelled
1400,Basic,199,2025-05-27,2025-06-14,0,cancelled
1401,Premium,999,2025-02-24,,1,active
1402,Basic,199,2025-08-26,2025-10-03,0,cancelled
1403,Basic,199,2025-06-22,,1,active
1404,Standard,499,2025-08-09,2025-09-10,0,cancelled
1405,Basic,199,2025-04-29,2025-05-14,0,cancelled
1406,Standard,499,2025-07-02,2025-08-10,0,cancelled
1407,Premium,999,2025-03-23,2025-05-26,0,cancelled
1408,Standard,499,2025-07-30,,1,active
1409,Basic,199,2025-05-30,2025-09-03,0,cancelled
1410,Standard,499,2025-02-06,2025-09-29,0,cancelled
1411,Standard,499,2025-02-28,2025-06-21,0,cancelled
1412,Standard,499,2025-05-11,,1,active
1413,Basic,199,2025-07-21,,1,active
1414,Basic,199,2025-08-31,,1,active
1415,Standard,499,2025-02-04,,1,active
1416,Basic,199,2025-04-03,,1,active
1417,Basic,199,2025-07-26,,1,active
1418,Basic,199,2025-08-01,,1,active
1419,Standard,499,2025-06-08,2025-10-10,0,cancelled
1420,Premium,999,2025-01-24,2025-03-05,0,cancelled
1421,Standard,499,2025-01-04,2025-08-30,0,cancelled
1422,Basic,199,2025-08-08,2025-08-18,0,cancelled
1423,Basic,199,2025-01-20,,1,active
1424,Premium,999,2025-06-01,,1,active
1425,Premium,999,2025-02-19,,1,active
1426,Premium,999,2025-06-26,2025-07-22,0,cancelled
1427,Standard,499,2025-04-06,2025-05-06,0,cancelled
1428,Basic,199,2025-04-15,2025-06-19,0,cancelled
1429,Standard,499,2025-09-07,2025-09-17,0,cancelled
1430,Basic,199,2025-04-27,2025-05-23,0,cancelled
1431,Basic,199,2025-08-16,2025-09-29,0,cancelled
1432,Standard,499,2025-03-07,,1,active
1433,Basic,199,2025-09-19,,1,active
1434,Basic,199,2025-08-31,2025-09-04,0,cancelled
1435,Basic,199,2025-07-05,2025-07-26,0,cancelled
1436,Basic,199,2025-09-03,,1,active
1437,Premium,999,2025-05-05,2025-07-21,0,cancelled
1438,Basic,199,2025-09-25,,1,active
1439,Basic,199,2025-05-11,,1,active
1440,Basic,199,2025-08-25,,1,active
1441,Basic,199,2025-01-18,2025-02-22,0,cancelled
1442,Basic,199,2025-02-09,2025-10-12,0,cancelled
1443,Standard,499,2025-01-21,2025-09-10,0,cancelled
1444,Basic,199,2025-08-13,,1,active
1445,Standard,499,2025-01-08,2025-08-09,0,cancelled
1446,Premium,999,2025-04-10,2025-07-30,0,cancelled
1447,Standard,499,2025-08-28,,1,active
1448,Basic,199,2025-03-28,2025-04-02,0,cancelled
1449,Basic,199,2025-01-14,,1,active
1450,Premium,999,2025-01-02,2025-01-30,0,cancelled
1451,Standard,499,2025-02-10,2025-02-23,0,cancelled
1452,Standard,499,2025-04-21,2025-09-24,0,cancelled
1453,Premium,999,2025-01-14,2025-02-08,0,cancelled
1454,Premium,999,2025-08-19,,1,active
1455,Premium,999,2025-03-25,2025-08-20,0,cancelled
1456,Standard,499,2025-05-10,2025-07-08,0,cancelled
1457,Basic,199,2025-08-19,,1,active
1458,Premium,999,2025-05-25,2025-10-08,0,cancelled
1459,Standard,499,2025-01-28,2025-08-27,0,cancelled
1460,Basic,199,2025-03-07,,1,active
1461,Standard,499,2025-06-12,2025-07-05,0,cancelled
1462,Standard,499,2025-08-17,,1,active
1463,Premium,999,2025-09-18,2025-10-07,0,cancelled
1464,Standard,499,2025-06-13,2025-07-12,0,cancelled
1465,Basic,199,2025-01-10,2025-02-06,0,cancelled
1466,Premium,999,2025-07-14,,1,active
1467,Standard,499,2025-04-28,,1,active
1468,Standard,499,2025-09-27,2025-09-28,0,cancelled
1469,Basic,199,2025-03-21,,1,active
1470,Basic,199,2025-04-03,2025-06-07,0,cancelled
1471,Standard,499,2025-09-23,,1,active
1472,Basic,199,2025-09-14,,1,active
1473,Basic,199,2025-05-13,,1,active
1474,Standard,499,2025-09-21,2025-09-22,0,cancelled
1475,Basic,199,2025-06-20,,1,active
1476,Basic,199,2025-01-01,,1,active
1477,Basic,199,2025-03-05,2025-04-08,0,cancelled
1478,Basic,199,2025-05-01,,1,active
1479,Standard,499,2025-04-17,2025-05-24,0,cancelled
1480,Basic,199,2025-06-24,,1,active
1481,Basic,199,2025-07-23,2025-08-22,0,cancelled
1482,Standard,499,2025-06-14,,1,active
1483,Premium,999,2025-04-30,2025-08-04,0,cancelled
1484,Standard,499,2025-02-13,2025-06-21,0,cancelled
1485,Basic,199,2025-06-05,2025-06-20,0,cancelled
1486,Basic,199,2025-07-26,2025-08-02,0,cancelled
1487,Premium,999,2025-04-18,2025-05-31,0,cancelled
1488,Basic,199,2025-09-08,,1,active
1489,Standard,499,2025-05-10,,1,active
1490,Basic,199,2025-01-20,2025-04-03,0,cancelled
1491,Basic,199,2025-01-01,2025-02-27,0,cancelled
1492,Standard,499,2025-04-29,2025-07-12,0,cancelled
1493,Standard,499,2025-02-04,2025-05-29,0,cancelled
1494,Standard,499,2025-07-17,2025-10-24,0,cancelled
1495,Basic,199,2025-09-02,,1,active
1496,Basic,199,2025-02-28,2025-05-21,0,cancelled
1497,Standard,499,2025-06-10,,1,active
1498,Standard,499,2025-06-28,2025-10-30,0,cancelled
1499,Basic,199,2025-07-25,2025-07-31,0,cancelled
1500,Basic,199,2025-01-12,,1,active
1501,Basic,199,2025-06-30,,1,active
1502,Premium,999,2025-08-30,,1,active
1503,Standard,499,2025-08-04,2025-09-18,0,cancelled
1504,Premium,999,2025-09-08,2025-09-25,0,cancelled
1505,Basic,199,2025-05-06,2025-05-23,0,cancelled
1506,Premium,999,2025-08-05,2025-10-26,0,cancelled
1507,Basic,199,2025-07-04,,1,active
1508,Standard,499,2025-02-08,2025-08-05,0,cancelled
1509,Standard,499,2025-08-11,2025-09-21,0,cancelled
1510,Basic,199,2025-07-03,2025-10-05,0,cancelled
1511,Basic,199,2025-06-27,,1,active
1512,Basic,199,2025-05-31,2025-07-12,0,cancelled
1513,Basic,199,2025-05-06,2025-06-26,0,cancelled
1514,Standard,499,2025-08-22,2025-10-15,0,cancelled
1515,Standard,499,2025-01-08,2025-07-05,0,cancelled
1516,Standard,499,2025-05-09,2025-09-21,0,cancelled
1517,Standard,499,2025-09-21,,1,active
1518,Standard,499,2025-06-06,2025-09-03,0,cancelled
1519,Basic,199,2025-01-05,2025-08-13,0,cancelled
1520,Basic,199,2025-03-27,2025-05-24,0,cancelled
1521,Premium,999,2025-06-24,,1,active
1522,Basic,199,2025-07-12,2025-08-13,0,cancelled
1523,Standard,499,2025-04-29,2025-05-26,0,cancelled
1524,Basic,199,2025-08-06,2025-10-24,0,cancelled
1525,Standard,499,2025-04-24,2025-10-22,0,cancelled
1526,Standard,499,2025-05-25,,1,active
1527,Basic,199,2025-01-26,2025-02-10,0,cancelled
1528,Basic,199,2025-05-16,2025-07-22,0,cancelled
1529,Standard,499,2025-08-20,,1,active
1530,Basic,199,2025-03-17,2025-08-01,0,cancelled
1531,Basic,199,2025-01-01,2025-07-22,0,cancelled
1532,Standard,499,2025-05-27,,1,active
1533,Basic,199,2025-05-22,2025-07-28,0,cancelled
1534,Premium,999,2025-02-22,2025-03-10,0,cancelled
1535,Standard,499,2025-03-10,2025-06-07,0,cancelled
1536,Basic,199,2025-03-31,,1,active
1537,Standard,499,2025-08-08,,1,active
1538,Standard,499,2025-07-11,2025-08-06,0,cancelled
1539,Basic,199,2025-03-04,2025-03-05,0,cancelled
1540,Basic,199,2025-03-14,2025-04-11,0,cancelled
1541,Basic,199,2025-06-10,,1,active
1542,Basic,199,2025-06-18,2025-06-23,0,cancelled
1543,Basic,199,2025-03-30,,1,active
1544,Basic,199,2025-06-25,2025-08-04,0,cancelled
1545,Basic,199,2025-09-26,,1,active
1546,Standard,499,2025-03-14,2025-06-29,0,cancelled
1547,Standard,499,2025-09-02,,1,active
1548,Standard,499,2025-03-18,2025-03-26,0,cancelled
1549,Standard,499,2025-06-08,2025-09-08,0,cancelled
1550,Standard,499,2025-04-08,2025-08-03,0,cancelled
1551,Standard,499,2025-04-12,2025-09-17,0,cancelled
1552,Standard,499,2025-05-12,2025-08-06,0,cancelled
1553,Basic,199,2025-04-12,2025-05-09,0,cancelled
1554,Premium,999,2025-01-19,,1,active
1555,Basic,199,2025-03-23,,1,active
1556,Basic,199,2025-05-09,2025-05-29,0,cancelled
1557,Standard,499,2025-03-30,,1,active
1558,Basic,199,2025-08-01,2025-09-06,0,cancelled
1559,Basic,199,2025-05-23,2025-07-28,0,cancelled
1560,Standard,499,2025-03-06,,1,active
1561,Standard,499,2025-03-17,,1,active
1562,Standard,499,2025-07-18,,1,active
1563,Standard,499,2025-05-23,,1,active
1564,Basic,199,2025-04-03,2025-07-23,0,cancelled
1565,Basic,199,2025-08-12,2025-09-15,0,cancelled
1566,Standard,499,2025-04-12,2025-05-30,0,cancelled
1567,Basic,199,2025-09-24,2025-10-02,0,cancelled
1568,Standard,499,2025-04-20,2025-06-11,0,cancelled
1569,Basic,199,2025-09-22,,1,active
1570,Basic,199,2025-01-03,2025-04-12,0,cancelled
1571,Standard,499,2025-03-26,2025-07-05,0,cancelled
1572,Standard,499,2025-04-27,2025-08-09,0,cancelled
1573,Standard,499,2025-08-09,2025-10-30,0,cancelled
1574,Basic,199,2025-06-03,,1,active
1575,Basic,199,2025-06-02,2025-10-09,0,cancelled
1576,Basic,199,2025-01-12,2025-04-14,0,cancelled
1577,Basic,199,2025-05-13,2025-10-13,0,cancelled
1578,Basic,199,2025-08-16,,1,active
1579,Basic,199,2025-09-28,,1,active
1580,Standard,499,2025-02-12,2025-03-28,0,cancelled
1581,Basic,199,2025-01-21,2025-03-13,0,cancelled
1582,Standard,499,2025-04-17,,1,active
1583,Premium,999,2025-04-27,2025-05-22,0,cancelled
1584,Basic,199,2025-05-04,,1,active
1585,Basic,199,2025-07-22,2025-09-29,0,cancelled
1586,Basic,199,2025-02-20,2025-05-30,0,cancelled
1587,Standard,499,2025-09-28,,1,active
1588,Basic,199,2025-05-21,,1,active
1589,Basic,199,2025-02-21,2025-09-16,0,cancelled
1590,Standard,499,2025-01-27,2025-02-15,0,cancelled
1591,Basic,199,2025-06-06,2025-07-15,0,cancelled
1592,Standard,499,2025-08-27,,1,active
1593,Standard,499,2025-06-05,,1,active
1594,Standard,499,2025-05-16,2025-08-14,0,cancelled
1595,Basic,199,2025-05-24,2025-07-27,0,cancelled
1596,Premium,999,2025-04-16,,1,active
1597,Standard,499,2025-06-07,,1,active
1598,Basic,199,2025-05-26,2025-06-06,0,cancelled
1599,Basic,199,2025-01-02,,1,active
1600,Basic,199,2025-03-18,2025-04-12,0,cancelled
1601,Standard,499,2025-05-12,2025-07-06,0,cancelled
1602,Standard,499,2025-03-31,2025-04-07,0,cancelled
1603,Standard,499,2025-09-20,2025-10-21,0,cancelled
1604,Premium,999,2025-04-18,2025-06-10,0,cancelled
1605,Basic,199,2025-03-15,,1,active
1606,Basic,199,2025-02-08,2025-04-01,0,cancelled
1607,Premium,999,2025-06-08,2025-06-20,0,cancelled
1608,Standard,499,2025-03-12,2025-03-16,0,cancelled
1609,Basic,199,2025-08-29,2025-09-07,0,cancelled
1610,Standard,499,2025-02-05,2025-06-29,0,cancelled
1611,Premium,999,2025-03-25,,1,active
1612,Standard,499,2025-09-20,,1,active
1613,Standard,499,2025-06-21,2025-07-22,0,cancelled
1614,Standard,499,2025-06-22,2025-09-08,0,cancelled
1615,Basic,199,2025-02-16,2025-03-30,0,cancelled
1616,Standard,499,2025-05-21,,1,active
1617,Basic,199,2025-04-28,2025-08-21,0,cancelled
1618,Premium,999,2025-08-02,,1,active
1619,Basic,199,2025-08-08,,1,active
1620,Standard,499,2025-01-26,2025-09-07,0,cancelled
1621,Basic,199,2025-01-09,2025-05-01,0,cancelled
1622,Basic,199,2025-09-28,,1,active
1623,Basic,199,2025-01-10,2025-01-23,0,cancelled
1624,Premium,999,2025-05-01,,1,active
1625,Premium,999,2025-05-05,2025-10-16,0,cancelled
1626,Basic,199,2025-06-19,,1,active
1627,Premium,999,2025-03-13,,1,active
1628,Standard,499,2025-06-01,2025-07-21,0,cancelled
1629,Standard,499,2025-07-27,,1,active
1630,Basic,199,2025-02-18,,1,active
1631,Premium,999,2025-06-03,,1,active
1632,Standard,499,2025-03-09,2025-04-18,0,cancelled
1633,Premium,999,2025-02-19,2025-05-04,0,cancelled
1634,Standard,499,2025-06-01,,1,active
1635,Standard,499,2025-01-19,2025-03-29,0,cancelled
1636,Standard,499,2025-04-10,2025-09-24,0,cancelled
1637,Basic,199,2025-03-01,2025-05-28,0,cancelled
1638,Basic,199,2025-06-16,2025-07-18,0,cancelled
1639,Basic,199,2025-07-21,2025-07-29,0,cancelled
1640,Basic,199,2025-05-26,2025-10-03,0,cancelled
1641,Standard,499,2025-06-13,2025-09-17,0,cancelled
1642,Standard,499,2025-08-30,,1,active
1643,Premium,999,2025-03-10,2025-03-24,0,cancelled
1644,Basic,199,2025-06-24,,1,active
1645,Standard,499,2025-02-18,2025-10-17,0,cancelled
1646,Basic,199,2025-04-18,2025-07-16,0,cancelled
1647,Basic,199,2025-08-14,,1,active
1648,Basic,199,2025-06-10,2025-06-22,0,cancelled
1649,Standard,499,2025-04-29,2025-07-10,0,cancelled
1650,Basic,199,2025-05-29,,1,active
1651,Standard,499,2025-05-30,2025-06-17,0,cancelled
1652,Basic,199,2025-05-23,2025-09-15,0,cancelled
1653,Premium,999,2025-06-09,,1,active
1654,Standard,499,2025-01-11,2025-10-08,0,cancelled
1655,Premium,999,2025-05-18,,1,active
1656,Premium,999,2025-03-19,2025-05-09,0,cancelled
1657,Premium,999,2025-03-18,,1,active
1658,Premium,999,2025-09-11,,1,active
1659,Standard,499,2025-09-15,,1,active
1660,Basic,199,2025-09-20,2025-10-13,0,cancelled
1661,Basic,199,2025-03-26,2025-08-01,0,cancelled
1662,Basic,199,2025-05-26,2025-10-07,0,cancelled
1663,Standard,499,2025-02-11,2025-04-24,0,cancelled
1664,Standard,499,2025-05-05,2025-07-20,0,cancelled
1665,Premium,999,2025-06-16,2025-08-17,0,cancelled
1666,Premium,999,2025-08-29,,1,active
1667,Basic,199,2025-07-07,2025-08-13,0,cancelled
1668,Standard,499,2025-01-19,,1,active
1669,Premium,999,2025-03-09,,1,active
1670,Basic,199,2025-08-06,,1,active
1671,Standard,499,2025-04-12,,1,active
1672,Basic,199,2025-02-11,2025-10-10,0,cancelled
1673,Standard,499,2025-06-16,2025-07-06,0,cancelled
1674,Basic,199,2025-04-19,2025-10-14,0,cancelled
1675,Premium,999,2025-02-05,2025-02-09,0,cancelled
1676,Standard,499,2025-08-20,,1,active
1677,Basic,199,2025-08-17,,1,active
1678,Basic,199,2025-06-13,,1,active
1679,Basic,199,2025-03-14,2025-09-10,0,cancelled
1680,Premium,999,2025-05-16,2025-07-31,0,cancelled
1681,Standard,499,2025-03-11,2025-05-01,0,cancelled
1682,Basic,199,2025-07-15,2025-09-13,0,cancelled
1683,Basic,199,2025-09-26,2025-10-09,0,cancelled
1684,Standard,499,2025-02-18,,1,active
1685,Standard,499,2025-05-10,,1,active
1686,Standard,499,2025-01-05,2025-05-13,0,cancelled
1687,Basic,199,2025-01-27,2025-08-24,0,cancelled
1688,Standard,499,2025-06-09,2025-07-04,0,cancelled
1689,Standard,499,2025-05-29,,1,active
1690,Premium,999,2025-09-21,,1,active
1691,Premium,999,2025-08-18,,1,active
1692,Standard,499,2025-07-19,2025-07-27,0,cancelled
1693,Standard,499,2025-02-19,2025-03-29,0,cancelled
1694,Basic,199,2025-03-08,2025-06-19,0,cancelled
1695,Standard,499,2025-02-27,2025-05-30,0,cancelled
1696,Basic,199,2025-09-16,2025-09-27,0,cancelled
1697,Basic,199,2025-05-10,2025-08-27,0,cancelled
1698,Basic,199,2025-08-03,,1,active
1699,Standard,499,2025-06-21,2025-07-07,0,cancelled
1700,Basic,199,2025-09-15,,1,active
1701,Basic,199,2025-04-12,2025-09-21,0,cancelled
1702,Basic,199,2025-07-28,2025-09-13,0,cancelled
1703,Basic,199,2025-04-26,2025-09-02,0,cancelled
1704,Basic,199,2025-09-21,,1,active
1705,Standard,499,2025-05-30,2025-09-23,0,cancelled
1706,Standard,499,2025-02-05,,1,active
1707,Basic,199,2025-07-27,,1,active
1708,Premium,999,2025-04-16,2025-05-06,0,cancelled
1709,Standard,499,2025-06-07,2025-09-16,0,cancelled
1710,Basic,199,2025-05-01,2025-09-01,0,cancelled
1711,Standard,499,2025-02-24,,1,active
1712,Premium,999,2025-01-12,2025-05-28,0,cancelled
1713,Basic,199,2025-05-25,2025-06-18,0,cancelled
1714,Basic,199,2025-05-16,2025-08-05,0,cancelled
1715,Premium,999,2025-01-03,2025-07-16,0,cancelled
1716,Standard,499,2025-05-24,,1,active
1717,Basic,199,2025-01-30,2025-06-11,0,cancelled
1718,Standard,499,2025-08-25,2025-09-24,0,cancelled
1719,Standard,499,2025-04-25,2025-06-25,0,cancelled
1720,Premium,999,2025-04-14,2025-05-19,0,cancelled
1721,Standard,499,2025-04-28,2025-06-30,0,cancelled
1722,Basic,199,2025-01-05,,1,active
1723,Standard,499,2025-09-05,2025-09-16,0,cancelled
1724,Standard,499,2025-05-01,,1,active
1725,Basic,199,2025-05-29,2025-10-14,0,cancelled
1726,Standard,499,2025-03-25,2025-06-12,0,cancelled
1727,Standard,499,2025-08-19,2025-10-28,0,cancelled
1728,Basic,199,2025-06-10,2025-07-04,0,cancelled
1729,Standard,499,2025-09-29,,1,active
1730,Basic,199,2025-02-07,2025-06-06,0,cancelled
1731,Basic,199,2025-08-14,,1,active
1732,Basic,199,2025-05-22,2025-10-04,0,cancelled
1733,Basic,199,2025-05-31,2025-06-21,0,cancelled
1734,Standard,499,2025-04-24,,1,active
1735,Basic,199,2025-08-25,,1,active
1736,Standard,499,2025-03-07,2025-07-07,0,cancelled
1737,Basic,199,2025-09-15,,1,active
1738,Premium,999,2025-09-06,,1,active
1739,Standard,499,2025-06-29,,1,active
1740,Standard,499,2025-07-09,,1,active
1741,Basic,199,2025-06-03,,1,active
1742,Basic,199,2025-07-15,2025-08-19,0,cancelled
1743,Basic,199,2025-09-19,,1,active
1744,Premium,999,2025-05-23,2025-08-10,0,cancelled
1745,Basic,199,2025-04-11,2025-06-12,0,cancelled
1746,Standard,499,2025-09-01,,1,active
1747,Standard,499,2025-01-12,2025-08-29,0,cancelled
1748,Basic,199,2025-08-27,,1,active
1749,Standard,499,2025-02-18,2025-06-19,0,cancelled
1750,Standard,499,2025-02-11,2025-06-26,0,cancelled
1751,Standard,499,2025-06-15,2025-06-22,0,cancelled
1752,Basic,199,2025-03-23,,1,active
1753,Basic,199,2025-06-07,2025-07-08,0,cancelled
1754,Basic,199,2025-08-04,,1,active
1755,Standard,499,2025-06-07,2025-09-17,0,cancelled
1756,Standard,499,2025-05-14,2025-10-11,0,cancelled
1757,Basic,199,2025-03-08,,1,active
1758,Premium,999,2025-01-07,2025-02-10,0,cancelled
1759,Basic,199,2025-01-14,2025-04-25,0,cancelled
1760,Premium,999,2025-03-14,2025-04-01,0,cancelled
1761,Premium,999,2025-06-12,,1,active
1762,Premium,999,2025-03-07,,1,active
1763,Standard,499,2025-05-10,2025-09-29,0,cancelled
1764,Basic,199,2025-07-25,,1,active
1765,Basic,199,2025-09-13,,1,active
1766,Standard,499,2025-09-23,,1,active
1767,Basic,199,2025-01-25,2025-05-01,0,cancelled
1768,Basic,199,2025-09-10,,1,active
1769,Standard,499,2025-06-13,2025-06-29,0,cancelled
1770,Basic,199,2025-04-05,,1,active
1771,Premium,999,2025-09-27,,1,active
1772,Standard,499,2025-04-20,2025-06-19,0,cancelled
1773,Standard,499,2025-08-26,,1,active
1774,Standard,499,2025-01-25,2025-10-21,0,cancelled
1775,Premium,999,2025-05-21,2025-10-30,0,cancelled
1776,Standard,499,2025-04-27,,1,active
1777,Standard,499,2025-01-25,2025-03-29,0,cancelled
1778,Basic,199,2025-03-20,2025-03-25,0,cancelled
1779,Premium,999,2025-03-09,2025-03-14,0,cancelled
1780,Standard,499,2025-06-22,,1,active
1781,Basic,199,2025-01-12,,1,active
1782,Basic,199,2025-05-08,,1,active
1783,Standard,499,2025-04-06,,1,active
1784,Basic,199,2025-04-02,,1,active
1785,Premium,999,2025-05-21,2025-05-25,0,cancelled
1786,Premium,999,2025-01-31,,1,active
1787,Basic,199,2025-01-20,2025-09-10,0,cancelled
1788,Standard,499,2025-05-26,,1,active
1789,Basic,199,2025-06-09,,1,active
1790,Standard,499,2025-02-12,2025-03-29,0,cancelled
1791,Basic,199,2025-09-11,2025-10-27,0,cancelled
1792,Standard,499,2025-05-10,,1,active
1793,Basic,199,2025-03-01,2025-05-06,0,cancelled
1794,Basic,199,2025-05-31,2025-09-26,0,cancelled
1795,Basic,199,2025-01-05,2025-03-08,0,cancelled
1796,Basic,199,2025-09-23,,1,active
1797,Standard,499,2025-05-10,,1,active
1798,Basic,199,2025-09-24,,1,active
1799,Standard,499,2025-06-27,,1,active
1800,Premium,999,2025-09-10,,1,active
1801,Standard,499,2025-02-25,2025-04-17,0,cancelled
1802,Premium,999,2025-03-24,2025-05-21,0,cancelled
1803,Premium,999,2025-04-09,,1,active
1804,Basic,199,2025-05-29,2025-06-10,0,cancelled
1805,Basic,199,2025-06-05,2025-09-29,0,cancelled
1806,Standard,499,2025-07-09,2025-07-17,0,cancelled
1807,Premium,999,2025-09-20,,1,active
1808,Premium,999,2025-03-21,2025-07-05,0,cancelled
1809,Basic,199,2025-09-09,,1,active
1810,Basic,199,2025-04-07,2025-06-09,0,cancelled
1811,Basic,199,2025-09-17,,1,active
1812,Standard,499,2025-09-17,,1,active
1813,Standard,499,2025-04-13,2025-07-24,0,cancelled
1814,Basic,199,2025-02-09,2025-07-22,0,cancelled
1815,Basic,199,2025-04-11,,1,active
1816,Standard,499,2025-08-09,,1,active
1817,Standard,499,2025-05-04,,1,active
1818,Basic,199,2025-08-19,,1,active
1819,Premium,999,2025-06-27,2025-10-06,0,cancelled
1820,Standard,499,2025-03-04,,1,active
1821,Standard,499,2025-04-26,2025-05-22,0,cancelled
1822,Standard,499,2025-07-10,,1,active
1823,Basic,199,2025-03-03,,1,active
1824,Basic,199,2025-09-13,2025-10-13,0,cancelled
1825,Standard,499,2025-01-07,2025-10-09,0,cancelled
1826,Basic,199,2025-06-04,2025-08-25,0,cancelled
1827,Standard,499,2025-04-02,2025-06-01,0,cancelled
1828,Standard,499,2025-01-14,2025-07-11,0,cancelled
1829,Standard,499,2025-08-17,2025-08-20,0,cancelled
1830,Basic,199,2025-03-27,2025-08-07,0,cancelled
1831,Basic,199,2025-05-13,,1,active
1832,Standard,499,2025-07-02,,1,active
1833,Basic,199,2025-03-03,2025-09-22,0,cancelled
1834,Standard,499,2025-08-07,2025-08-20,0,cancelled
1835,Standard,499,2025-09-03,,1,active
1836,Basic,199,2025-08-18,,1,active
1837,Standard,499,2025-03-20,2025-10-08,0,cancelled
1838,Basic,199,2025-05-29,,1,active
1839,Basic,199,2025-05-18,2025-06-14,0,cancelled
1840,Premium,999,2025-03-06,2025-10-18,0,cancelled
1841,Premium,999,2025-01-13,,1,active
1842,Standard,499,2025-08-01,2025-10-24,0,cancelled
1843,Premium,999,2025-08-30,,1,active
1844,Standard,499,2025-08-01,,1,active
1845,Basic,199,2025-06-30,2025-09-06,0,cancelled
1846,Basic,199,2025-06-22,2025-08-25,0,cancelled
1847,Premium,999,2025-06-09,,1,active
1848,Basic,199,2025-06-13,,1,active
1849,Standard,499,2025-07-07,2025-08-28,0,cancelled
1850,Standard,499,2025-07-10,2025-07-24,0,cancelled
1851,Standard,499,2025-09-13,,1,active
1852,Basic,199,2025-07-02,2025-09-25,0,cancelled
1853,Basic,199,2025-04-27,,1,active
1854,Basic,199,2025-07-15,,1,active
1855,Standard,499,2025-02-03,2025-08-11,0,cancelled
1856,Standard,499,2025-02-21,2025-06-18,0,cancelled
1857,Standard,499,2025-04-22,2025-08-16,0,cancelled
1858,Standard,499,2025-09-09,,1,active
1859,Basic,199,2025-03-23,2025-04-12,0,cancelled
1860,Premium,999,2025-08-20,2025-10-20,0,cancelled
1861,Standard,499,2025-08-15,2025-09-14,0,cancelled
1862,Basic,199,2025-08-21,2025-08-26,0,cancelled
1863,Basic,199,2025-08-09,,1,active
1864,Standard,499,2025-02-11,2025-09-11,0,cancelled
1865,Premium,999,2025-01-21,2025-01-30,0,cancelled
1866,Basic,199,2025-02-11,2025-06-27,0,cancelled
1867,Standard,499,2025-04-23,2025-07-24,0,cancelled
1868,Basic,199,2025-04-15,2025-07-18,0,cancelled
1869,Basic,199,2025-07-11,2025-08-04,0,cancelled
1870,Standard,499,2025-01-17,2025-04-20,0,cancelled
1871,Standard,499,2025-04-30,2025-06-06,0,cancelled
1872,Standard,499,2025-05-09,2025-06-14,0,cancelled
1873,Basic,199,2025-05-10,,1,active
1874,Basic,199,2025-03-01,2025-07-28,0,cancelled
1875,Basic,199,2025-02-17,,1,active
1876,Basic,199,2025-01-29,,1,active
1877,Basic,199,2025-04-07,2025-08-11,0,cancelled
1878,Basic,199,2025-01-10,,1,active
1879,Basic,199,2025-08-30,2025-09-03,0,cancelled
1880,Basic,199,2025-08-20,,1,active
1881,Standard,499,2025-07-22,2025-10-13,0,cancelled
1882,Basic,199,2025-09-04,,1,active
1883,Basic,199,2025-09-21,,1,active
1884,Standard,499,2025-08-02,2025-10-01,0,cancelled
1885,Basic,199,2025-07-19,2025-10-04,0,cancelled
1886,Standard,499,2025-03-20,2025-07-21,0,cancelled
1887,Basic,199,2025-06-22,2025-07-12,0,cancelled
1888,Basic,199,2025-03-10,2025-08-14,0,cancelled
1889,Basic,199,2025-03-28,2025-06-05,0,cancelled
1890,Basic,199,2025-04-11,2025-07-09,0,cancelled
1891,Standard,499,2025-01-08,2025-04-12,0,cancelled
1892,Premium,999,2025-07-19,2025-08-10,0,cancelled
1893,Basic,199,2025-03-28,2025-04-27,0,cancelled
1894,Basic,199,2025-02-12,2025-03-05,0,cancelled
1895,Standard,499,2025-04-19,,1,active
1896,Basic,199,2025-06-01,,1,active
1897,Standard,499,2025-01-17,,1,active
1898,Basic,199,2025-05-13,2025-07-17,0,cancelled
1899,Premium,999,2025-05-28,2025-09-24,0,cancelled
1900,Basic,199,2025-08-20,,1,active
1901,Basic,199,2025-08-16,,1,active
1902,Premium,999,2025-05-19,2025-08-06,0,cancelled
1903,Standard,499,2025-07-30,,1,active
1904,Standard,499,2025-01-28,2025-06-29,0,cancelled
1905,Standard,499,2025-02-20,2025-03-09,0,cancelled
1906,Standard,499,2025-09-18,,1,active
1907,Basic,199,2025-09-18,2025-10-19,0,cancelled
1908,Standard,499,2025-01-08,2025-09-23,0,cancelled
1909,Basic,199,2025-05-18,2025-07-31,0,cancelled
1910,Standard,499,2025-02-07,2025-06-07,0,cancelled
1911,Premium,999,2025-04-21,,1,active
1912,Basic,199,2025-08-08,2025-09-13,0,cancelled
1913,Basic,199,2025-08-11,2025-09-28,0,cancelled
1914,Basic,199,2025-05-16,2025-09-25,0,cancelled
1915,Basic,199,2025-09-13,,1,active
1916,Premium,999,2025-02-18,2025-03-09,0,cancelled
1917,Basic,199,2025-03-19,2025-06-28,0,cancelled
1918,Basic,199,2025-04-15,,1,active
1919,Standard,499,2025-06-18,,1,active
1920,Premium,999,2025-08-05,2025-08-27,0,cancelled
1921,Standard,499,2025-04-29,2025-05-21,0,cancelled
1922,Standard,499,2025-07-09,2025-09-25,0,cancelled
1923,Standard,499,2025-09-12,,1,active
1924,Premium,999,2025-09-23,,1,active
1925,Standard,499,2025-05-29,2025-07-31,0,cancelled
1926,Standard,499,2025-06-13,2025-08-02,0,cancelled
1927,Basic,199,2025-05-20,,1,active
1928,Basic,199,2025-09-15,,1,active
1929,Standard,499,2025-09-26,,1,active
1930,Premium,999,2025-06-30,2025-10-23,0,cancelled
1931,Premium,999,2025-06-09,2025-10-27,0,cancelled
1932,Premium,999,2025-08-14,2025-09-16,0,cancelled
1933,Standard,499,2025-01-11,2025-01-31,0,cancelled
1934,Standard,499,2025-01-10,,1,active
1935,Standard,499,2025-09-28,,1,active
1936,Standard,499,2025-07-02,,1,active
1937,Basic,199,2025-06-02,2025-06-03,0,cancelled
1938,Basic,199,2025-05-04,2025-05-28,0,cancelled
1939,Premium,999,2025-04-24,2025-05-24,0,cancelled
1940,Basic,199,2025-08-01,,1,active
1941,Premium,999,2025-06-21,,1,active
1942,Basic,199,2025-06-23,2025-07-10,0,cancelled
1943,Standard,499,2025-04-23,2025-10-04,0,cancelled
1944,Standard,499,2025-05-02,2025-08-12,0,cancelled
1945,Standard,499,2025-02-01,2025-05-07,0,cancelled
1946,Basic,199,2025-08-10,,1,active
1947,Premium,999,2025-04-29,2025-09-13,0,cancelled
1948,Standard,499,2025-02-08,2025-08-16,0,cancelled
1949,Basic,199,2025-09-25,,1,active
1950,Standard,499,2025-08-21,,1,active
1951,Basic,199,2025-01-18,2025-06-07,0,cancelled
1952,Basic,199,2025-05-29,2025-10-06,0,cancelled
1953,Basic,199,2025-05-29,,1,active
1954,Premium,999,2025-05-06,2025-08-04,0,cancelled
1955,Standard,499,2025-08-26,2025-09-16,0,cancelled
1956,Standard,499,2025-05-15,2025-09-12,0,cancelled
1957,Basic,199,2025-05-31,,1,active
1958,Basic,199,2025-08-24,,1,active
1959,Premium,999,2025-08-12,,1,active
1960,Standard,499,2025-07-22,,1,active
1961,Premium,999,2025-09-13,2025-09-23,0,cancelled
1962,Basic,199,2025-03-27,2025-06-13,0,cancelled
1963,Basic,199,2025-05-30,2025-07-04,0,cancelled
1964,Premium,999,2025-08-23,2025-09-15,0,cancelled
1965,Standard,499,2025-01-22,2025-06-08,0,cancelled
1966,Basic,199,2025-09-26,,1,active
1967,Basic,199,2025-09-15,,1,active
1968,Standard,499,2025-01-29,2025-05-09,0,cancelled
1969,Basic,199,2025-08-01,,1,active
1970,Standard,499,2025-02-19,2025-09-15,0,cancelled
1971,Basic,199,2025-04-05,2025-04-14,0,cancelled
1972,Basic,199,2025-03-29,2025-10-12,0,cancelled
1973,Premium,999,2025-02-13,2025-07-08,0,cancelled
1974,Basic,199,2025-06-20,,1,active
1975,Standard,499,2025-07-08,2025-07-13,0,cancelled
1976,Standard,499,2025-07-03,2025-07-28,0,cancelled
1977,Basic,199,2025-01-03,2025-01-12,0,cancelled
1978,Basic,199,2025-07-10,,1,active
1979,Standard,499,2025-04-28,,1,active
1980,Basic,199,2025-01-19,,1,active
1981,Basic,199,2025-01-23,2025-07-27,0,cancelled
1982,Basic,199,2025-01-30,2025-07-25,0,cancelled
1983,Standard,499,2025-04-18,2025-04-22,0,cancelled
1984,Standard,499,2025-05-08,,1,active
1985,Standard,499,2025-08-17,,1,active
1986,Basic,199,2025-04-21,,1,active
1987,Standard,499,2025-05-16,2025-06-01,0,cancelled
1988,Premium,999,2025-07-05,2025-07-24,0,cancelled
1989,Standard,499,2025-05-24,,1,active
1990,Standard,499,2025-03-13,,1,active
1991,Standard,499,2025-05-09,2025-06-10,0,cancelled
1992,Premium,999,2025-09-18,,1,active
1993,Premium,999,2025-01-03,2025-10-26,0,cancelled
1994,Basic,199,2025-04-14,2025-04-17,0,cancelled
1995,Basic,199,2025-08-12,2025-10-06,0,cancelled
1996,Basic,199,2025-01-10,2025-01-28,0,cancelled
1997,Basic,199,2025-08-19,,1,active
1998,Basic,199,2025-08-07,2025-10-13,0,cancelled
1999,Standard,499,2025-03-07,,1,active
2000,Basic,199,2025-04-22,2025-06-02,0,cancelled
2001,Standard,499,2025-01-13,2025-03-13,0,cancelled
2002,Standard,499,2025-03-27,2025-05-19,0,cancelled
2003,Basic,199,2025-08-22,,1,active
2004,Premium,999,2025-03-31,2025-05-31,0,cancelled
2005,Standard,499,2025-02-23,,1,active
2006,Basic,199,2025-01-12,2025-01-27,0,cancelled
2007,Basic,199,2025-07-28,,1,active
2008,Basic,199,2025-01-14,2025-03-02,0,cancelled
2009,Standard,499,2025-05-01,,1,active
2010,Basic,199,2025-01-20,2025-05-17,0,cancelled
2011,Standard,499,2025-03-16,2025-04-20,0,cancelled
2012,Standard,499,2025-08-31,,1,active
2013,Basic,199,2025-08-11,2025-10-18,0,cancelled
2014,Premium,999,2025-03-11,2025-05-31,0,cancelled
2015,Basic,199,2025-07-30,,1,active
2016,Premium,999,2025-04-11,2025-06-17,0,cancelled
2017,Basic,199,2025-07-05,,1,active
2018,Standard,499,2025-05-12,2025-05-27,0,cancelled
2019,Basic,199,2025-04-21,2025-06-16,0,cancelled
2020,Standard,499,2025-05-12,,1,active
2021,Standard,499,2025-01-20,2025-05-22,0,cancelled
2022,Basic,199,2025-01-24,2025-06-10,0,cancelled
2023,Standard,499,2025-08-15,,1,active
2024,Basic,199,2025-06-03,2025-08-02,0,cancelled
2025,Standard,499,2025-08-18,,1,active
2026,Premium,999,2025-07-21,,1,active
2027,Basic,199,2025-02-07,2025-04-14,0,cancelled
2028,Basic,199,2025-09-17,,1,active
2029,Basic,199,2025-07-07,,1,active
2030,Standard,499,2025-02-26,2025-05-24,0,cancelled
2031,Basic,199,2025-01-20,,1,active
2032,Basic,199,2025-04-29,2025-08-09,0,cancelled
2033,Basic,199,2025-03-12,,1,active
2034,Basic,199,2025-01-04,2025-06-22,0,cancelled
2035,Premium,999,2025-08-09,2025-09-11,0,cancelled
2036,Basic,199,2025-01-14,2025-02-20,0,cancelled
2037,Standard,499,2025-01-03,2025-05-20,0,cancelled
2038,Standard,499,2025-08-04,2025-08-30,0,cancelled
2039,Standard,499,2025-08-17,,1,active
2040,Basic,199,2025-07-05,2025-09-17,0,cancelled
2041,Standard,499,2025-02-24,2025-03-01,0,cancelled
2042,Premium,999,2025-09-11,,1,active
2043,Basic,199,2025-01-24,,1,active
2044,Basic,199,2025-06-11,,1,active
2045,Basic,199,2025-06-07,2025-08-13,0,cancelled
2046,Basic,199,2025-03-23,2025-05-19,0,cancelled
2047,Basic,199,2025-06-08,2025-07-20,0,cancelled
2048,Standard,499,2025-07-07,,1,active
2049,Basic,199,2025-03-01,2025-04-03,0,cancelled
2050,Standard,499,2025-07-30,,1,active
2051,Standard,499,2025-06-01,,1,active
2052,Basic,199,2025-04-19,2025-05-11,0,cancelled
2053,Standard,499,2025-03-17,2025-04-25,0,cancelled
2054,Basic,199,2025-01-30,2025-04-29,0,cancelled
2055,Premium,999,2025-04-27,,1,active
2056,Basic,199,2025-07-11,,1,active
2057,Standard,499,2025-01-19,,1,active
2058,Standard,499,2025-06-22,2025-10-13,0,cancelled
2059,Basic,199,2025-08-16,,1,active
2060,Basic,199,2025-07-02,,1,active
2061,Standard,499,2025-04-23,,1,active
2062,Basic,199,2025-07-02,,1,active
2063,Premium,999,2025-05-26,,1,active
2064,Premium,999,2025-04-26,2025-07-29,0,cancelled
2065,Basic,199,2025-04-23,,1,active
2066,Basic,199,2025-09-08,,1,active
2067,Basic,199,2025-09-08,2025-09-30,0,cancelled
2068,Basic,199,2025-04-28,2025-05-21,0,cancelled
2069,Standard,499,2025-06-10,,1,active
2070,Standard,499,2025-07-17,,1,active
2071,Basic,199,2025-09-17,,1,active
2072,Basic,199,2025-05-28,,1,active
2073,Basic,199,2025-08-28,,1,active
2074,Basic,199,2025-02-16,2025-07-22,0,cancelled
2075,Standard,499,2025-07-17,2025-09-22,0,cancelled
2076,Basic,199,2025-02-16,2025-03-26,0,cancelled
2077,Standard,499,2025-03-19,2025-04-09,0,cancelled
2078,Standard,499,2025-05-04,,1,active
2079,Standard,499,2025-03-16,2025-04-11,0,cancelled
2080,Basic,199,2025-05-17,2025-06-16,0,cancelled
2081,Standard,499,2025-03-31,,1,active
2082,Standard,499,2025-03-02,2025-07-16,0,cancelled
2083,Standard,499,2025-05-18,,1,active
2084,Basic,199,2025-02-19,,1,active
2085,Basic,199,2025-09-16,,1,active
2086,Standard,499,2025-04-17,,1,active
2087,Basic,199,2025-04-23,2025-05-13,0,cancelled
2088,Basic,199,2025-09-11,,1,active
2089,Premium,999,2025-04-28,,1,active
2090,Basic,199,2025-07-17,,1,active
2091,Basic,199,2025-02-20,,1,active
2092,Basic,199,2025-09-02,,1,active
2093,Standard,499,2025-02-04,2025-02-13,0,cancelled
2094,Basic,199,2025-03-10,2025-03-17,0,cancelled
2095,Standard,499,2025-02-18,2025-04-29,0,cancelled
2096,Basic,199,2025-03-15,2025-10-08,0,cancelled
2097,Basic,199,2025-07-11,,1,active
2098,Standard,499,2025-09-18,,1,active
2099,Basic,199,2025-03-11,2025-04-11,0,cancelled
2100,Premium,999,2025-03-31,,1,active
2101,Basic,199,2025-09-17,,1,active
2102,Basic,199,2025-05-06,2025-07-28,0,cancelled
2103,Basic,199,2025-08-19,,1,active
2104,Basic,199,2025-05-09,2025-06-21,0,cancelled
2105,Premium,999,2025-04-10,2025-05-15,0,cancelled
2106,Premium,999,2025-07-01,,1,active
2107,Basic,199,2025-06-23,,1,active
2108,Standard,499,2025-07-07,,1,active
2109,Standard,499,2025-02-26,2025-05-07,0,cancelled
2110,Basic,199,2025-01-31,2025-06-21,0,cancelled
2111,Basic,199,2025-03-25,2025-08-12,0,cancelled
2112,Premium,999,2025-06-01,,1,active
2113,Premium,999,2025-02-05,2025-06-13,0,cancelled
2114,Premium,999,2025-08-01,,1,active
2115,Standard,499,2025-04-16,2025-07-09,0,cancelled
2116,Standard,499,2025-08-08,,1,active
2117,Basic,199,2025-06-12,,1,active
2118,Basic,199,2025-08-08,,1,active
2119,Basic,199,2025-09-27,,1,active
2120,Standard,499,2025-04-30,,1,active
2121,Standard,499,2025-07-01,2025-07-18,0,cancelled
2122,Standard,499,2025-04-16,,1,active
2123,Premium,999,2025-08-05,,1,active
2124,Premium,999,2025-07-24,2025-08-04,0,cancelled
2125,Premium,999,2025-03-11,2025-05-09,0,cancelled
2126,Basic,199,2025-02-13,2025-08-15,0,cancelled
2127,Standard,499,2025-08-16,,1,active
2128,Standard,499,2025-07-03,2025-10-09,0,cancelled
2129,Basic,199,2025-04-17,2025-05-04,0,cancelled
2130,Premium,999,2025-03-25,2025-04-26,0,cancelled
2131,Premium,999,2025-09-07,,1,active
2132,Basic,199,2025-01-21,2025-07-08,0,cancelled
2133,Basic,199,2025-07-15,,1,active
2134,Standard,499,2025-06-27,2025-06-30,0,cancelled
2135,Standard,499,2025-01-07,,1,active
2136,Premium,999,2025-03-11,2025-05-05,0,cancelled
2137,Basic,199,2025-05-07,2025-09-04,0,cancelled
2138,Basic,199,2025-06-09,,1,active
2139,Basic,199,2025-09-05,,1,active
2140,Basic,199,2025-07-22,2025-07-26,0,cancelled
2141,Basic,199,2025-05-28,,1,active
2142,Premium,999,2025-05-23,,1,active
2143,Basic,199,2025-07-18,2025-08-11,0,cancelled
2144,Basic,199,2025-06-03,2025-06-08,0,cancelled
2145,Basic,199,2025-05-22,2025-07-31,0,cancelled
2146,Basic,199,2025-06-14,2025-09-10,0,cancelled
2147,Standard,499,2025-01-21,2025-05-06,0,cancelled
2148,Standard,499,2025-03-23,2025-08-27,0,cancelled
2149,Standard,499,2025-03-10,2025-03-20,0,cancelled
2150,Basic,199,2025-05-11,2025-05-29,0,cancelled
2151,Basic,199,2025-03-28,2025-05-02,0,cancelled
2152,Basic,199,2025-08-06,,1,active
2153,Basic,199,2025-06-10,2025-09-12,0,cancelled
2154,Standard,499,2025-06-27,,1,active
2155,Basic,199,2025-04-27,2025-06-25,0,cancelled
2156,Standard,499,2025-07-15,,1,active
2157,Basic,199,2025-03-27,2025-06-01,0,cancelled
2158,Standard,499,2025-03-22,2025-05-08,0,cancelled
2159,Premium,999,2025-06-01,2025-09-28,0,cancelled
2160,Standard,499,2025-03-02,2025-05-28,0,cancelled
2161,Standard,499,2025-03-02,2025-04-05,0,cancelled
2162,Premium,999,2025-01-28,2025-03-12,0,cancelled
2163,Standard,499,2025-02-12,2025-03-04,0,cancelled
2164,Basic,199,2025-06-18,2025-07-08,0,cancelled
2165,Basic,199,2025-03-27,2025-04-19,0,cancelled
2166,Standard,499,2025-06-26,2025-08-03,0,cancelled
2167,Standard,499,2025-01-17,,1,active
2168,Basic,199,2025-04-08,2025-05-31,0,cancelled
2169,Basic,199,2025-07-17,,1,active
2170,Premium,999,2025-04-08,2025-05-15,0,cancelled
2171,Basic,199,2025-03-06,,1,active
2172,Basic,199,2025-01-05,2025-10-11,0,cancelled
2173,Basic,199,2025-01-02,2025-04-26,0,cancelled
2174,Standard,499,2025-01-22,2025-07-05,0,cancelled
2175,Basic,199,2025-04-22,2025-07-27,0,cancelled
2176,Standard,499,2025-02-26,,1,active
2177,Basic,199,2025-03-07,2025-06-12,0,cancelled
2178,Standard,499,2025-04-08,2025-06-18,0,cancelled
2179,Standard,499,2025-05-24,2025-07-14,0,cancelled
2180,Basic,199,2025-05-05,,1,active
2181,Standard,499,2025-06-16,,1,active
2182,Basic,199,2025-03-27,2025-10-09,0,cancelled
2183,Basic,199,2025-03-17,2025-03-31,0,cancelled
2184,Standard,499,2025-02-28,2025-08-12,0,cancelled
2185,Basic,199,2025-05-18,,1,active
2186,Standard,499,2025-04-09,2025-04-19,0,cancelled
2187,Basic,199,2025-07-11,2025-08-29,0,cancelled
2188,Basic,199,2025-08-31,,1,active
2189,Basic,199,2025-02-18,2025-04-01,0,cancelled
2190,Standard,499,2025-02-01,2025-10-09,0,cancelled
2191,Basic,199,2025-01-20,2025-02-06,0,cancelled
2192,Standard,499,2025-06-03,,1,active
2193,Basic,199,2025-03-09,2025-03-26,0,cancelled
2194,Basic,199,2025-08-02,2025-09-08,0,cancelled
2195,Standard,499,2025-05-23,2025-10-17,0,cancelled
2196,Standard,499,2025-08-20,,1,active
2197,Basic,199,2025-08-01,2025-08-02,0,cancelled
2198,Standard,499,2025-03-20,,1,active
2199,Basic,199,2025-08-02,,1,active
2200,Standard,499,2025-04-26,,1,active
2201,Premium,999,2025-04-02,2025-06-25,0,cancelled
2202,Premium,999,2025-09-27,,1,active
2203,Standard,499,2025-06-17,2025-10-01,0,cancelled
2204,Basic,199,2025-02-27,2025-03-14,0,cancelled
2205,Standard,499,2025-01-26,2025-06-11,0,cancelled
2206,Standard,499,2025-03-07,,1,active
2207,Basic,199,2025-09-05,,1,active
2208,Basic,199,2025-09-11,,1,active
2209,Premium,999,2025-02-13,2025-06-05,0,cancelled
2210,Premium,999,2025-04-07,2025-07-16,0,cancelled
2211,Basic,199,2025-02-11,2025-02-27,0,cancelled
2212,Standard,499,2025-08-15,,1,active
2213,Standard,499,2025-09-19,,1,active
2214,Basic,199,2025-06-16,2025-06-18,0,cancelled
2215,Basic,199,2025-03-30,2025-10-29,0,cancelled
2216,Standard,499,2025-06-27,2025-06-28,0,cancelled
2217,Basic,199,2025-07-16,2025-10-10,0,cancelled
2218,Basic,199,2025-09-24,,1,active
2219,Standard,499,2025-09-25,,1,active
2220,Premium,999,2025-03-15,2025-07-17,0,cancelled
2221,Standard,499,2025-01-08,2025-07-05,0,cancelled
2222,Standard,499,2025-06-13,,1,active
2223,Basic,199,2025-03-26,,1,active
2224,Basic,199,2025-03-13,2025-05-16,0,cancelled
2225,Standard,499,2025-02-24,2025-03-06,0,cancelled
2226,Basic,199,2025-02-16,,1,active
2227,Premium,999,2025-08-26,,1,active
2228,Basic,199,2025-04-14,2025-06-19,0,cancelled
2229,Basic,199,2025-07-29,,1,active
2230,Basic,199,2025-02-11,,1,active
2231,Premium,999,2025-09-25,,1,active
2232,Basic,199,2025-09-20,,1,active
2233,Basic,199,2025-09-16,2025-09-28,0,cancelled
2234,Basic,199,2025-04-24,,1,active
2235,Standard,499,2025-02-09,2025-03-25,0,cancelled
2236,Basic,199,2025-08-08,,1,active
2237,Basic,199,2025-05-09,,1,active
2238,Basic,199,2025-01-08,2025-04-07,0,cancelled
2239,Standard,499,2025-04-11,2025-06-09,0,cancelled
2240,Basic,199,2025-06-25,2025-08-03,0,cancelled
2241,Basic,199,2025-04-17,2025-09-04,0,cancelled
2242,Basic,199,2025-04-11,2025-07-01,0,cancelled
2243,Standard,499,2025-09-17,,1,active
2244,Standard,499,2025-09-03,,1,active
2245,Standard,499,2025-02-01,2025-06-10,0,cancelled
2246,Premium,999,2025-05-17,2025-07-30,0,cancelled
2247,Premium,999,2025-01-12,2025-09-07,0,cancelled
2248,Basic,199,2025-01-16,,1,active
2249,Standard,499,2025-05-09,2025-06-18,0,cancelled
2250,Standard,499,2025-03-04,2025-08-04,0,cancelled
2251,Premium,999,2025-04-19,,1,active
2252,Basic,199,2025-01-21,2025-04-19,0,cancelled
2253,Standard,499,2025-06-07,,1,active
2254,Basic,199,2025-09-26,2025-10-16,0,cancelled
2255,Premium,999,2025-06-11,2025-06-14,0,cancelled
2256,Basic,199,2025-09-17,2025-09-22,0,cancelled
2257,Basic,199,2025-04-12,2025-07-29,0,cancelled
2258,Basic,199,2025-08-11,2025-09-14,0,cancelled
2259,Basic,199,2025-02-28,2025-10-22,0,cancelled
2260,Standard,499,2025-09-04,,1,active
2261,Basic,199,2025-05-08,2025-05-26,0,cancelled
2262,Basic,199,2025-01-25,2025-04-10,0,cancelled
2263,Premium,999,2025-05-11,,1,active
2264,Basic,199,2025-07-15,,1,active
2265,Standard,499,2025-06-03,2025-07-18,0,cancelled
2266,Basic,199,2025-05-13,2025-10-02,0,cancelled
2267,Basic,199,2025-08-15,2025-09-16,0,cancelled
2268,Standard,499,2025-07-08,2025-10-25,0,cancelled
2269,Standard,499,2025-09-22,,1,active
2270,Basic,199,2025-05-14,,1,active
2271,Premium,999,2025-07-30,2025-08-22,0,cancelled
2272,Premium,999,2025-03-01,,1,active
2273,Premium,999,2025-08-01,2025-10-12,0,cancelled
2274,Basic,199,2025-08-04,2025-10-13,0,cancelled
2275,Basic,199,2025-08-14,2025-10-13,0,cancelled
2276,Standard,499,2025-05-11,2025-07-08,0,cancelled
2277,Standard,499,2025-03-17,2025-06-03,0,cancelled
2278,Basic,199,2025-06-05,,1,active
2279,Standard,499,2025-09-05,,1,active
2280,Basic,199,2025-08-06,,1,active
2281,Basic,199,2025-07-09,,1,active
2282,Basic,199,2025-06-12,,1,active
2283,Standard,499,2025-06-29,,1,active
2284,Basic,199,2025-02-03,,1,active
2285,Standard,499,2025-02-10,2025-04-11,0,cancelled
2286,Standard,499,2025-03-16,2025-04-11,0,cancelled
2287,Standard,499,2025-06-25,2025-08-26,0,cancelled
2288,Premium,999,2025-05-30,2025-10-18,0,cancelled
2289,Standard,499,2025-04-18,2025-06-07,0,cancelled
2290,Premium,999,2025-05-19,2025-06-15,0,cancelled
2291,Basic,199,2025-09-28,,1,active
2292,Basic,199,2025-07-31,2025-09-15,0,cancelled
2293,Basic,199,2025-09-29,,1,active
2294,Basic,199,2025-03-07,2025-04-07,0,cancelled
2295,Standard,499,2025-09-05,,1,active
2296,Basic,199,2025-06-05,2025-06-25,0,cancelled
2297,Standard,499,2025-02-16,,1,active
2298,Standard,499,2025-07-20,,1,active
2299,Standard,499,2025-05-28,2025-06-02,0,cancelled
2300,Basic,199,2025-05-04,2025-05-10,0,cancelled
2301,Standard,499,2025-01-01,2025-05-26,0,cancelled
2302,Basic,199,2025-09-04,2025-09-13,0,cancelled
2303,Basic,199,2025-05-08,2025-08-15,0,cancelled
2304,Standard,499,2025-07-10,,1,active
2305,Standard,499,2025-03-08,2025-07-09,0,cancelled
2306,Basic,199,2025-01-04,2025-05-29,0,cancelled
2307,Premium,999,2025-05-23,2025-08-14,0,cancelled
2308,Basic,199,2025-07-10,2025-08-19,0,cancelled
2309,Basic,199,2025-01-21,2025-03-11,0,cancelled
2310,Basic,199,2025-08-15,,1,active
2311,Standard,499,2025-04-27,,1,active
2312,Standard,499,2025-05-22,2025-08-24,0,cancelled
2313,Basic,199,2025-02-08,2025-07-12,0,cancelled
2314,Basic,199,2025-09-09,,1,active
2315,Standard,499,2025-07-26,,1,active
2316,Basic,199,2025-07-29,2025-08-03,0,cancelled
2317,Basic,199,2025-04-25,2025-08-11,0,cancelled
2318,Standard,499,2025-08-13,,1,active
2319,Basic,199,2025-05-14,2025-07-04,0,cancelled
2320,Premium,999,2025-09-08,,1,active
2321,Basic,199,2025-08-07,2025-09-21,0,cancelled
2322,Standard,499,2025-04-01,2025-04-16,0,cancelled
2323,Basic,199,2025-02-15,,1,active
2324,Premium,999,2025-02-07,2025-06-28,0,cancelled
2325,Basic,199,2025-05-22,2025-06-24,0,cancelled
2326,Standard,499,2025-04-10,2025-10-20,0,cancelled
2327,Standard,499,2025-07-09,,1,active
2328,Basic,199,2025-02-04,2025-02-06,0,cancelled
2329,Basic,199,2025-05-27,2025-06-01,0,cancelled
2330,Standard,499,2025-01-30,2025-03-28,0,cancelled
2331,Premium,999,2025-03-25,2025-08-10,0,cancelled
2332,Basic,199,2025-09-27,,1,active
2333,Basic,199,2025-06-03,,1,active
2334,Standard,499,2025-04-12,2025-09-30,0,cancelled
2335,Basic,199,2025-08-03,,1,active
2336,Premium,999,2025-05-30,2025-06-09,0,cancelled
2337,Standard,499,2025-03-24,2025-10-03,0,cancelled
2338,Standard,499,2025-04-20,2025-05-29,0,cancelled
2339,Basic,199,2025-07-20,,1,active
2340,Basic,199,2025-06-22,2025-08-09,0,cancelled
2341,Standard,499,2025-07-25,,1,active
2342,Premium,999,2025-03-04,2025-03-05,0,cancelled
2343,Premium,999,2025-03-14,2025-05-25,0,cancelled
2344,Basic,199,2025-09-08,,1,active
2345,Basic,199,2025-05-04,,1,active
2346,Basic,199,2025-05-01,2025-05-30,0,cancelled
2347,Premium,999,2025-04-30,2025-05-06,0,cancelled
2348,Basic,199,2025-06-13,,1,active
2349,Basic,199,2025-09-22,,1,active
2350,Basic,199,2025-06-10,,1,active
2351,Basic,199,2025-03-30,,1,active
2352,Premium,999,2025-05-22,2025-07-13,0,cancelled
2353,Standard,499,2025-07-22,,1,active
2354,Basic,199,2025-08-15,,1,active
2355,Basic,199,2025-08-10,2025-09-19,0,cancelled
2356,Basic,199,2025-02-10,2025-08-19,0,cancelled
2357,Basic,199,2025-07-15,2025-07-29,0,cancelled
2358,Basic,199,2025-03-09,2025-03-28,0,cancelled
2359,Standard,499,2025-09-21,,1,active
2360,Basic,199,2025-01-02,2025-05-27,0,cancelled
2361,Basic,199,2025-05-05,,1,active
2362,Basic,199,2025-04-20,2025-06-15,0,cancelled
2363,Standard,499,2025-03-27,2025-04-06,0,cancelled
2364,Standard,499,2025-04-30,,1,active
2365,Standard,499,2025-05-07,2025-08-16,0,cancelled
2366,Standard,499,2025-09-12,2025-09-22,0,cancelled
2367,Standard,499,2025-07-02,2025-08-20,0,cancelled
2368,Basic,199,2025-01-16,2025-02-18,0,cancelled
2369,Premium,999,2025-03-03,2025-04-12,0,cancelled
2370,Basic,199,2025-06-07,2025-07-08,0,cancelled
2371,Basic,199,2025-09-25,2025-10-02,0,cancelled
2372,Standard,499,2025-02-04,2025-02-17,0,cancelled
2373,Basic,199,2025-09-24,,1,active
2374,Premium,999,2025-03-05,,1,active
2375,Basic,199,2025-02-19,,1,active
2376,Premium,999,2025-09-12,2025-10-21,0,cancelled
2377,Standard,499,2025-05-29,2025-08-16,0,cancelled
2378,Premium,999,2025-06-21,2025-06-26,0,cancelled
2379,Premium,999,2025-07-20,2025-10-06,0,cancelled
2380,Premium,999,2025-02-04,,1,active
2381,Standard,499,2025-08-04,2025-08-13,0,cancelled
2382,Basic,199,2025-03-06,2025-06-19,0,cancelled
2383,Basic,199,2025-01-08,2025-01-20,0,cancelled
2384,Standard,499,2025-03-17,2025-03-25,0,cancelled
2385,Premium,999,2025-06-23,2025-09-10,0,cancelled
2386,Standard,499,2025-02-16,,1,active
2387,Premium,999,2025-01-15,,1,active
2388,Standard,499,2025-05-27,2025-08-21,0,cancelled
2389,Basic,199,2025-01-26,2025-02-24,0,cancelled
2390,Basic,199,2025-04-03,2025-09-22,0,cancelled
2391,Basic,199,2025-08-20,,1,active
2392,Basic,199,2025-01-21,2025-08-15,0,cancelled
2393,Standard,499,2025-02-07,,1,active
2394,Premium,999,2025-06-06,,1,active
2395,Standard,499,2025-06-28,2025-07-02,0,cancelled
2396,Basic,199,2025-05-12,,1,active
2397,Basic,199,2025-01-28,,1,active
2398,Basic,199,2025-09-17,2025-10-21,0,cancelled
2399,Standard,499,2025-03-17,2025-04-02,0,cancelled
2400,Basic,199,2025-03-08,2025-08-19,0,cancelled
2401,Basic,199,2025-07-13,,1,active
2402,Basic,199,2025-06-11,2025-10-08,0,cancelled
2403,Basic,199,2025-09-14,2025-09-22,0,cancelled
2404,Premium,999,2025-03-13,,1,active
2405,Basic,199,2025-03-28,2025-06-28,0,cancelled
2406,Basic,199,2025-09-19,,1,active
2407,Basic,199,2025-08-02,2025-08-30,0,cancelled
2408,Basic,199,2025-06-02,,1,active
2409,Standard,499,2025-07-29,,1,active
2410,Standard,499,2025-03-02,2025-05-23,0,cancelled
2411,Basic,199,2025-09-25,,1,active
2412,Standard,499,2025-09-19,,1,active
2413,Basic,199,2025-08-06,,1,active
2414,Standard,499,2025-05-16,2025-10-30,0,cancelled
2415,Basic,199,2025-04-03,2025-04-20,0,cancelled
2416,Basic,199,2025-04-19,,1,active
2417,Standard,499,2025-08-29,,1,active
2418,Standard,499,2025-05-22,2025-09-02,0,cancelled
2419,Standard,499,2025-08-25,2025-09-20,0,cancelled
2420,Basic,199,2025-06-26,,1,active
2421,Basic,199,2025-05-21,2025-08-02,0,cancelled
2422,Premium,999,2025-07-08,,1,active
2423,Basic,199,2025-02-18,2025-06-02,0,cancelled
2424,Basic,199,2025-07-09,2025-10-05,0,cancelled
2425,Basic,199,2025-05-16,2025-07-24,0,cancelled
2426,Basic,199,2025-02-12,,1,active
2427,Basic,199,2025-03-31,,1,active
2428,Basic,199,2025-09-02,,1,active
2429,Basic,199,2025-07-11,,1,active
2430,Premium,999,2025-04-16,,1,active
2431,Basic,199,2025-08-21,,1,active
2432,Basic,199,2025-09-22,2025-10-10,0,cancelled
2433,Standard,499,2025-02-06,2025-02-20,0,cancelled
2434,Standard,499,2025-02-10,2025-10-16,0,cancelled
2435,Basic,199,2025-01-17,2025-04-20,0,cancelled
2436,Standard,499,2025-02-28,2025-05-22,0,cancelled
2437,Basic,199,2025-07-02,,1,active
2438,Standard,499,2025-02-10,2025-03-10,0,cancelled
2439,Basic,199,2025-02-08,2025-08-24,0,cancelled
2440,Basic,199,2025-07-11,2025-08-09,0,cancelled
2441,Premium,999,2025-09-24,,1,active
2442,Standard,499,2025-05-27,2025-09-03,0,cancelled
2443,Basic,199,2025-05-07,2025-09-27,0,cancelled
2444,Basic,199,2025-02-15,,1,active
2445,Basic,199,2025-02-14,,1,active
2446,Standard,499,2025-01-01,2025-07-05,0,cancelled
2447,Basic,199,2025-06-17,,1,active
2448,Basic,199,2025-04-18,2025-04-25,0,cancelled
2449,Basic,199,2025-01-19,2025-01-25,0,cancelled
2450,Standard,499,2025-03-13,2025-04-06,0,cancelled
2451,Standard,499,2025-04-19,2025-06-03,0,cancelled
2452,Standard,499,2025-09-25,,1,active
2453,Basic,199,2025-08-28,,1,active
2454,Premium,999,2025-03-31,2025-05-06,0,cancelled
2455,Standard,499,2025-04-13,,1,active
2456,Premium,999,2025-09-07,,1,active
2457,Basic,199,2025-01-08,,1,active
2458,Basic,199,2025-06-02,2025-06-14,0,cancelled
2459,Standard,499,2025-06-23,2025-09-20,0,cancelled
2460,Basic,199,2025-06-07,2025-06-28,0,cancelled
2461,Standard,499,2025-08-03,2025-08-08,0,cancelled
2462,Standard,499,2025-06-26,,1,active
2463,Standard,499,2025-06-24,2025-10-26,0,cancelled
2464,Premium,999,2025-05-26,2025-06-08,0,cancelled
2465,Standard,499,2025-06-10,,1,active
2466,Basic,199,2025-05-07,,1,active
2467,Basic,199,2025-03-23,,1,active
2468,Basic,199,2025-05-27,,1,active
2469,Standard,499,2025-08-27,,1,active
2470,Basic,199,2025-03-25,2025-08-31,0,cancelled
2471,Basic,199,2025-04-23,,1,active
2472,Standard,499,2025-08-13,2025-09-09,0,cancelled
2473,Standard,499,2025-08-31,,1,active
2474,Premium,999,2025-05-23,2025-07-30,0,cancelled
2475,Standard,499,2025-02-10,2025-02-18,0,cancelled
2476,Standard,499,2025-09-15,,1,active
2477,Standard,499,2025-04-15,2025-06-05,0,cancelled
2478,Premium,999,2025-07-21,,1,active
2479,Standard,499,2025-09-23,,1,active
2480,Premium,999,2025-07-29,,1,active
2481,Premium,999,2025-02-20,,1,active
2482,Premium,999,2025-04-28,2025-06-30,0,cancelled
2483,Basic,199,2025-07-20,2025-07-30,0,cancelled
2484,Basic,199,2025-02-08,2025-03-24,0,cancelled
2485,Basic,199,2025-01-28,2025-09-16,0,cancelled
2486,Basic,199,2025-09-16,2025-10-04,0,cancelled
2487,Basic,199,2025-03-25,2025-06-23,0,cancelled
2488,Basic,199,2025-06-04,2025-06-05,0,cancelled
2489,Basic,199,2025-04-27,,1,active
2490,Standard,499,2025-01-02,2025-01-05,0,cancelled
2491,Standard,499,2025-04-03,,1,active
2492,Basic,199,2025-06-15,,1,active
2493,Standard,499,2025-09-15,,1,active
2494,Standard,499,2025-03-22,,1,active
2495,Standard,499,2025-09-25,,1,active
2496,Premium,999,2025-08-23,,1,active
2497,Basic,199,2025-08-01,2025-08-16,0,cancelled
2498,Basic,199,2025-03-03,2025-06-13,0,cancelled
2499,Basic,199,2025-02-18,2025-07-02,0,cancelled
2500,Basic,199,2025-05-07,2025-08-22,0,cancelled
2501,Standard,499,2025-08-11,2025-08-13,0,cancelled
2502,Basic,199,2025-04-17,2025-09-16,0,cancelled
2503,Basic,199,2025-05-26,,1,active
2504,Basic,199,2025-04-09,2025-10-16,0,cancelled
2505,Basic,199,2025-03-14,2025-04-20,0,cancelled
2506,Standard,499,2025-05-02,2025-07-09,0,cancelled
2507,Standard,499,2025-01-30,2025-04-02,0,cancelled
2508,Basic,199,2025-07-07,2025-07-08,0,cancelled
2509,Basic,199,2025-07-14,2025-08-26,0,cancelled
2510,Basic,199,2025-06-05,,1,active
2511,Basic,199,2025-06-21,2025-07-16,0,cancelled
2512,Premium,999,2025-02-10,2025-07-13,0,cancelled
2513,Basic,199,2025-03-04,,1,active
2514,Standard,499,2025-01-23,,1,active
2515,Premium,999,2025-03-16,2025-04-13,0,cancelled
2516,Basic,199,2025-02-17,2025-08-02,0,cancelled
2517,Basic,199,2025-06-09,2025-07-03,0,cancelled
2518,Premium,999,2025-04-28,2025-08-20,0,cancelled
2519,Standard,499,2025-04-10,2025-06-05,0,cancelled
2520,Basic,199,2025-06-16,,1,active
2521,Standard,499,2025-06-05,2025-07-30,0,cancelled
2522,Standard,499,2025-01-07,2025-08-20,0,cancelled
2523,Basic,199,2025-07-15,2025-08-15,0,cancelled
2524,Premium,999,2025-02-25,2025-04-21,0,cancelled
2525,Basic,199,2025-07-12,2025-08-07,0,cancelled
2526,Standard,499,2025-02-16,,1,active
2527,Premium,999,2025-05-28,,1,active
2528,Standard,499,2025-06-06,,1,active
2529,Basic,199,2025-07-21,2025-10-04,0,cancelled
2530,Basic,199,2025-05-06,,1,active
2531,Standard,499,2025-03-05,2025-09-04,0,cancelled
2532,Standard,499,2025-06-25,,1,active
2533,Standard,499,2025-04-26,2025-09-10,0,cancelled
2534,Premium,999,2025-07-23,2025-10-26,0,cancelled
2535,Premium,999,2025-01-31,2025-05-28,0,cancelled
2536,Basic,199,2025-04-23,2025-07-06,0,cancelled
2537,Basic,199,2025-03-08,2025-05-14,0,cancelled
2538,Basic,199,2025-03-16,,1,active
2539,Standard,499,2025-02-14,2025-05-01,0,cancelled
2540,Standard,499,2025-09-17,,1,active
2541,Standard,499,2025-06-03,2025-10-30,0,cancelled
2542,Basic,199,2025-06-04,2025-10-23,0,cancelled
2543,Basic,199,2025-08-22,,1,active
2544,Basic,199,2025-02-20,2025-06-01,0,cancelled
2545,Standard,499,2025-09-19,2025-10-30,0,cancelled
2546,Basic,199,2025-05-05,2025-06-07,0,cancelled
2547,Basic,199,2025-09-02,2025-09-26,0,cancelled
2548,Basic,199,2025-01-30,2025-02-03,0,cancelled
2549,Standard,499,2025-05-02,2025-09-04,0,cancelled
2550,Basic,199,2025-05-05,,1,active
2551,Standard,499,2025-02-06,2025-07-10,0,cancelled
2552,Standard,499,2025-06-19,,1,active
2553,Standard,499,2025-05-04,2025-06-18,0,cancelled
2554,Standard,499,2025-02-04,,1,active
2555,Basic,199,2025-03-28,,1,active
2556,Basic,199,2025-05-14,2025-07-08,0,cancelled
2557,Premium,999,2025-07-15,2025-10-27,0,cancelled
2558,Standard,499,2025-07-20,2025-08-24,0,cancelled
2559,Premium,999,2025-03-18,,1,active
2560,Standard,499,2025-02-28,2025-03-13,0,cancelled
2561,Basic,199,2025-05-06,2025-05-24,0,cancelled
2562,Basic,199,2025-04-19,2025-07-03,0,cancelled
2563,Standard,499,2025-08-12,,1,active
2564,Basic,199,2025-03-09,2025-08-18,0,cancelled
2565,Basic,199,2025-03-10,2025-07-26,0,cancelled
2566,Standard,499,2025-06-14,,1,active
2567,Basic,199,2025-06-11,,1,active
2568,Basic,199,2025-02-11,2025-03-02,0,cancelled
2569,Standard,499,2025-04-19,,1,active
2570,Standard,499,2025-02-20,,1,active
2571,Basic,199,2025-09-07,,1,active
2572,Standard,499,2025-01-21,2025-02-13,0,cancelled
2573,Premium,999,2025-05-19,,1,active
2574,Basic,199,2025-04-02,2025-07-15,0,cancelled
2575,Basic,199,2025-05-05,2025-05-08,0,cancelled
2576,Basic,199,2025-04-21,,1,active
2577,Standard,499,2025-05-19,,1,active
2578,Basic,199,2025-04-09,2025-08-30,0,cancelled
2579,Premium,999,2025-09-09,,1,active
2580,Standard,499,2025-04-14,2025-09-03,0,cancelled
2581,Standard,499,2025-08-02,,1,active
2582,Premium,999,2025-09-06,,1,active
2583,Premium,999,2025-06-01,2025-08-16,0,cancelled
2584,Basic,199,2025-09-07,,1,active
2585,Basic,199,2025-06-14,,1,active
2586,Standard,499,2025-01-08,2025-04-19,0,cancelled
2587,Basic,199,2025-01-05,2025-07-24,0,cancelled
2588,Basic,199,2025-05-25,2025-07-31,0,cancelled
2589,Standard,499,2025-04-11,2025-10-13,0,cancelled
2590,Premium,999,2025-06-13,2025-08-02,0,cancelled
2591,Basic,199,2025-05-27,2025-06-19,0,cancelled
2592,Standard,499,2025-03-05,2025-09-19,0,cancelled
2593,Basic,199,2025-04-01,2025-04-23,0,cancelled
2594,Standard,499,2025-04-27,,1,active
2595,Basic,199,2025-09-24,2025-10-20,0,cancelled
2596,Premium,999,2025-06-22,2025-10-17,0,cancelled
2597,Basic,199,2025-02-16,,1,active
2598,Standard,499,2025-05-20,,1,active
2599,Basic,199,2025-09-03,,1,active
2600,Basic,199,2025-05-29,,1,active
2601,Basic,199,2025-09-03,2025-10-15,0,cancelled
2602,Basic,199,2025-01-05,2025-05-13,0,cancelled
2603,Basic,199,2025-07-03,2025-10-30,0,cancelled
2604,Basic,199,2025-01-20,2025-02-01,0,cancelled
2605,Standard,499,2025-02-15,2025-07-22,0,cancelled
2606,Standard,499,2025-01-12,2025-03-12,0,cancelled
2607,Basic,199,2025-03-11,2025-04-03,0,cancelled
2608,Standard,499,2025-01-17,2025-02-26,0,cancelled
2609,Basic,199,2025-05-27,,1,active
2610,Standard,499,2025-06-03,,1,active
2611,Basic,199,2025-04-18,,1,active
2612,Standard,499,2025-08-24,,1,active
2613,Basic,199,2025-03-11,2025-04-24,0,cancelled
2614,Premium,999,2025-07-02,2025-10-30,0,cancelled
2615,Basic,199,2025-09-07,,1,active
2616,Basic,199,2025-08-16,2025-08-21,0,cancelled
2617,Basic,199,2025-04-12,2025-05-29,0,cancelled
2618,Premium,999,2025-03-16,2025-08-20,0,cancelled
2619,Standard,499,2025-08-04,,1,active
2620,Standard,499,2025-07-22,,1,active
2621,Premium,999,2025-07-11,,1,active
2622,Premium,999,2025-09-06,2025-09-22,0,cancelled
2623,Standard,499,2025-08-30,,1,active
2624,Basic,199,2025-06-28,,1,active
2625,Standard,499,2025-08-07,,1,active
2626,Basic,199,2025-03-23,,1,active
2627,Standard,499,2025-04-02,2025-06-25,0,cancelled
2628,Standard,499,2025-06-24,2025-08-02,0,cancelled
2629,Standard,499,2025-08-27,,1,active
2630,Standard,499,2025-09-17,,1,active
2631,Standard,499,2025-06-12,2025-08-04,0,cancelled
2632,Premium,999,2025-02-17,2025-03-04,0,cancelled
2633,Basic,199,2025-04-26,2025-09-22,0,cancelled
2634,Basic,199,2025-08-13,2025-10-25,0,cancelled
2635,Standard,499,2025-05-27,2025-07-27,0,cancelled
2636,Premium,999,2025-03-04,2025-04-14,0,cancelled
2637,Basic,199,2025-01-13,2025-03-02,0,cancelled
2638,Basic,199,2025-07-08,,1,active
2639,Basic,199,2025-07-27,,1,active
2640,Basic,199,2025-04-24,,1,active
2641,Premium,999,2025-01-22,2025-07-07,0,cancelled
2642,Standard,499,2025-08-02,2025-10-28,0,cancelled
2643,Standard,499,2025-06-20,,1,active
2644,Standard,499,2025-02-23,2025-06-10,0,cancelled
2645,Standard,499,2025-05-06,2025-05-30,0,cancelled
2646,Basic,199,2025-07-23,,1,active
2647,Basic,199,2025-07-13,,1,active
2648,Basic,199,2025-06-18,,1,active
2649,Basic,199,2025-06-01,,1,active
2650,Basic,199,2025-02-04,2025-08-29,0,cancelled
2651,Basic,199,2025-07-03,,1,active
2652,Basic,199,2025-02-26,2025-06-16,0,cancelled
2653,Basic,199,2025-08-10,,1,active
2654,Standard,499,2025-06-12,2025-07-12,0,cancelled
2655,Basic,199,2025-01-19,2025-02-09,0,cancelled
2656,Premium,999,2025-09-21,2025-10-09,0,cancelled
2657,Basic,199,2025-04-23,2025-04-29,0,cancelled
2658,Standard,499,2025-01-30,2025-02-07,0,cancelled
2659,Premium,999,2025-05-15,2025-06-24,0,cancelled
2660,Premium,999,2025-03-08,2025-07-09,0,cancelled
2661,Premium,999,2025-03-06,2025-04-23,0,cancelled
2662,Basic,199,2025-01-25,2025-05-04,0,cancelled
2663,Basic,199,2025-02-06,2025-03-18,0,cancelled
2664,Basic,199,2025-01-01,2025-01-25,0,cancelled
2665,Basic,199,2025-02-06,2025-05-28,0,cancelled
2666,Basic,199,2025-05-21,2025-07-15,0,cancelled
2667,Premium,999,2025-08-20,,1,active
2668,Standard,499,2025-05-16,2025-06-09,0,cancelled
2669,Standard,499,2025-07-07,,1,active
2670,Premium,999,2025-05-08,2025-10-08,0,cancelled
2671,Standard,499,2025-07-20,2025-09-03,0,cancelled
2672,Standard,499,2025-05-07,2025-06-17,0,cancelled
2673,Standard,499,2025-09-14,,1,active
2674,Basic,199,2025-06-13,2025-08-18,0,cancelled
2675,Basic,199,2025-02-04,2025-06-12,0,cancelled
2676,Premium,999,2025-07-13,,1,active
2677,Premium,999,2025-07-10,,1,active
2678,Premium,999,2025-04-14,2025-08-07,0,cancelled
2679,Basic,199,2025-01-23,2025-09-14,0,cancelled
2680,Premium,999,2025-09-22,,1,active
2681,Basic,199,2025-09-17,,1,active
2682,Basic,199,2025-03-16,2025-08-08,0,cancelled
2683,Basic,199,2025-03-13,2025-05-11,0,cancelled
2684,Basic,199,2025-09-16,,1,active
2685,Basic,199,2025-07-07,2025-08-19,0,cancelled
2686,Basic,199,2025-06-22,,1,active
2687,Basic,199,2025-02-14,2025-08-11,0,cancelled
2688,Basic,199,2025-03-02,2025-06-25,0,cancelled
2689,Standard,499,2025-03-24,2025-03-26,0,cancelled
2690,Standard,499,2025-05-03,,1,active
2691,Basic,199,2025-01-16,2025-02-12,0,cancelled
2692,Basic,199,2025-03-07,2025-08-20,0,cancelled
2693,Standard,499,2025-05-25,2025-06-04,0,cancelled
2694,Standard,499,2025-06-11,2025-10-10,0,cancelled
2695,Basic,199,2025-08-22,2025-09-06,0,cancelled
2696,Standard,499,2025-05-24,2025-05-30,0,cancelled
2697,Premium,999,2025-07-07,,1,active
2698,Basic,199,2025-01-13,2025-05-22,0,cancelled
2699,Basic,199,2025-07-03,2025-10-15,0,cancelled
2700,Basic,199,2025-04-21,2025-08-12,0,cancelled
2701,Standard,499,2025-08-03,2025-10-17,0,cancelled
2702,Basic,199,2025-04-30,2025-05-29,0,cancelled
2703,Basic,199,2025-02-24,2025-03-19,0,cancelled
2704,Basic,199,2025-01-27,,1,active
2705,Premium,999,2025-04-28,2025-07-12,0,cancelled
2706,Standard,499,2025-08-09,,1,active
2707,Standard,499,2025-08-19,,1,active
2708,Standard,499,2025-02-22,2025-09-26,0,cancelled
2709,Basic,199,2025-08-21,,1,active
2710,Premium,999,2025-06-07,2025-07-20,0,cancelled
2711,Standard,499,2025-09-26,,1,active
2712,Basic,199,2025-01-21,,1,active
2713,Standard,499,2025-02-22,2025-08-28,0,cancelled
2714,Standard,499,2025-08-02,2025-09-01,0,cancelled
2715,Standard,499,2025-01-31,2025-06-04,0,cancelled
2716,Basic,199,2025-07-02,2025-09-11,0,cancelled
2717,Premium,999,2025-01-23,2025-02-14,0,cancelled
2718,Premium,999,2025-02-01,2025-02-08,0,cancelled
2719,Basic,199,2025-03-15,,1,active
2720,Basic,199,2025-01-10,2025-05-30,0,cancelled
2721,Basic,199,2025-02-23,2025-03-07,0,cancelled
2722,Premium,999,2025-02-21,,1,active
2723,Standard,499,2025-05-28,2025-05-29,0,cancelled
2724,Basic,199,2025-06-09,2025-08-13,0,cancelled
2725,Basic,199,2025-01-14,2025-06-13,0,cancelled
2726,Basic,199,2025-06-27,2025-07-20,0,cancelled
2727,Standard,499,2025-02-22,2025-05-14,0,cancelled
2728,Basic,199,2025-01-22,2025-06-20,0,cancelled
2729,Premium,999,2025-01-30,2025-02-16,0,cancelled
2730,Standard,499,2025-07-10,,1,active
2731,Standard,499,2025-09-17,2025-09-26,0,cancelled
2732,Basic,199,2025-07-24,,1,active
2733,Basic,199,2025-02-28,,1,active
2734,Basic,199,2025-09-21,,1,active
2735,Basic,199,2025-01-12,,1,active
2736,Basic,199,2025-04-29,2025-08-19,0,cancelled
2737,Premium,999,2025-09-05,,1,active
2738,Basic,199,2025-05-07,,1,active
2739,Basic,199,2025-03-16,2025-06-20,0,cancelled
2740,Basic,199,2025-07-23,2025-10-02,0,cancelled
2741,Basic,199,2025-02-18,,1,active
2742,Premium,999,2025-03-20,2025-04-11,0,cancelled
2743,Basic,199,2025-08-29,2025-09-03,0,cancelled
2744,Basic,199,2025-06-03,2025-07-06,0,cancelled
2745,Standard,499,2025-04-06,,1,active
2746,Basic,199,2025-08-02,2025-08-05,0,cancelled
2747,Basic,199,2025-07-28,2025-10-10,0,cancelled
2748,Basic,199,2025-03-29,,1,active
2749,Basic,199,2025-09-21,2025-09-25,0,cancelled
2750,Basic,199,2025-06-06,2025-06-13,0,cancelled
2751,Basic,199,2025-06-05,2025-06-08,0,cancelled
2752,Standard,499,2025-05-19,2025-09-03,0,cancelled
2753,Basic,199,2025-05-01,,1,active
2754,Standard,499,2025-03-06,2025-07-17,0,cancelled
2755,Standard,499,2025-04-17,2025-04-30,0,cancelled
2756,Standard,499,2025-05-27,2025-07-20,0,cancelled
2757,Basic,199,2025-05-17,2025-06-19,0,cancelled
2758,Basic,199,2025-06-11,,1,active
2759,Standard,499,2025-04-10,2025-09-18,0,cancelled
2760,Standard,499,2025-05-21,2025-06-16,0,cancelled
2761,Standard,499,2025-03-24,2025-06-11,0,cancelled
2762,Basic,199,2025-06-26,2025-07-17,0,cancelled
2763,Premium,999,2025-07-17,,1,active
2764,Basic,199,2025-04-22,,1,active
2765,Basic,199,2025-02-25,2025-07-03,0,cancelled
2766,Basic,199,2025-06-28,2025-07-31,0,cancelled
2767,Basic,199,2025-07-05,,1,active
2768,Basic,199,2025-08-06,,1,active
2769,Standard,499,2025-08-05,,1,active
2770,Standard,499,2025-04-30,2025-06-03,0,cancelled
2771,Premium,999,2025-06-24,2025-09-06,0,cancelled
2772,Basic,199,2025-01-23,2025-02-01,0,cancelled
2773,Standard,499,2025-08-01,2025-08-15,0,cancelled
2774,Basic,199,2025-08-23,2025-08-30,0,cancelled
2775,Basic,199,2025-01-13,2025-06-16,0,cancelled
2776,Basic,199,2025-04-11,,1,active
2777,Basic,199,2025-01-24,2025-01-27,0,cancelled
2778,Basic,199,2025-01-11,2025-10-07,0,cancelled
2779,Basic,199,2025-04-04,2025-05-19,0,cancelled
2780,Standard,499,2025-07-20,2025-09-09,0,cancelled
2781,Premium,999,2025-01-21,2025-01-25,0,cancelled
2782,Basic,199,2025-07-30,,1,active
2783,Premium,999,2025-05-20,2025-07-02,0,cancelled
2784,Standard,499,2025-04-11,,1,active
2785,Standard,499,2025-01-28,2025-07-26,0,cancelled
2786,Standard,499,2025-02-10,2025-02-20,0,cancelled
2787,Basic,199,2025-05-26,2025-06-19,0,cancelled
2788,Standard,499,2025-09-13,,1,active
2789,Standard,499,2025-08-15,,1,active
2790,Premium,999,2025-08-24,,1,active
2791,Standard,499,2025-01-13,2025-03-06,0,cancelled
2792,Standard,499,2025-07-29,2025-10-20,0,cancelled
2793,Standard,499,2025-08-17,,1,active
2794,Basic,199,2025-04-10,2025-08-08,0,cancelled
2795,Basic,199,2025-01-31,2025-04-13,0,cancelled
2796,Basic,199,2025-01-16,2025-03-24,0,cancelled
2797,Basic,199,2025-05-17,,1,active
2798,Basic,199,2025-06-15,,1,active
2799,Premium,999,2025-04-10,2025-06-25,0,cancelled
2800,Standard,499,2025-04-19,,1,active
2801,Premium,999,2025-06-22,2025-06-26,0,cancelled
2802,Standard,499,2025-08-25,,1,active
2803,Standard,499,2025-06-11,2025-06-14,0,cancelled
2804,Premium,999,2025-08-04,2025-09-29,0,cancelled
2805,Standard,499,2025-09-21,,1,active
2806,Premium,999,2025-09-20,2025-10-18,0,cancelled
2807,Basic,199,2025-01-03,2025-01-06,0,cancelled
2808,Basic,199,2025-01-28,2025-04-26,0,cancelled
2809,Basic,199,2025-05-29,2025-10-18,0,cancelled
2810,Standard,499,2025-01-28,2025-03-28,0,cancelled
2811,Standard,499,2025-03-06,2025-03-10,0,cancelled
2812,Basic,199,2025-01-21,2025-04-18,0,cancelled
2813,Basic,199,2025-09-09,,1,active
2814,Premium,999,2025-08-23,2025-09-14,0,cancelled
2815,Standard,499,2025-08-15,2025-08-20,0,cancelled
2816,Basic,199,2025-01-13,2025-10-29,0,cancelled
2817,Standard,499,2025-02-18,2025-10-14,0,cancelled
2818,Standard,499,2025-04-28,,1,active
2819,Premium,999,2025-02-23,2025-03-04,0,cancelled
2820,Basic,199,2025-05-18,2025-05-21,0,cancelled
2821,Basic,199,2025-02-22,2025-10-26,0,cancelled
2822,Basic,199,2025-02-13,2025-05-13,0,cancelled
2823,Basic,199,2025-02-22,2025-03-15,0,cancelled
2824,Premium,999,2025-03-15,2025-05-13,0,cancelled
2825,Basic,199,2025-02-15,2025-06-04,0,cancelled
2826,Premium,999,2025-01-13,2025-01-18,0,cancelled
2827,Basic,199,2025-06-14,2025-07-07,0,cancelled
2828,Premium,999,2025-04-12,2025-07-13,0,cancelled
2829,Basic,199,2025-09-15,2025-10-22,0,cancelled
2830,Premium,999,2025-05-18,2025-07-04,0,cancelled
2831,Premium,999,2025-06-12,,1,active
2832,Premium,999,2025-04-21,2025-08-24,0,cancelled
2833,Basic,199,2025-04-12,,1,active
2834,Basic,199,2025-01-17,2025-01-21,0,cancelled
2835,Standard,499,2025-09-25,2025-10-14,0,cancelled
2836,Basic,199,2025-07-01,2025-07-16,0,cancelled
2837,Basic,199,2025-01-24,2025-04-20,0,cancelled
2838,Basic,199,2025-01-29,2025-02-18,0,cancelled
2839,Standard,499,2025-06-20,2025-07-04,0,cancelled
2840,Standard,499,2025-08-16,,1,active
2841,Basic,199,2025-07-07,,1,active
2842,Basic,199,2025-08-18,2025-08-25,0,cancelled
2843,Basic,199,2025-04-29,,1,active
2844,Standard,499,2025-06-05,2025-08-30,0,cancelled
2845,Basic,199,2025-09-29,,1,active
2846,Basic,199,2025-06-24,,1,active
2847,Premium,999,2025-04-14,2025-04-20,0,cancelled
2848,Premium,999,2025-04-02,2025-06-08,0,cancelled
2849,Premium,999,2025-07-05,2025-09-14,0,cancelled
2850,Premium,999,2025-06-30,,1,active
2851,Basic,199,2025-06-19,,1,active
2852,Standard,499,2025-07-06,,1,active
2853,Basic,199,2025-06-24,2025-08-28,0,cancelled
2854,Standard,499,2025-08-10,2025-08-13,0,cancelled
2855,Basic,199,2025-08-21,,1,active
2856,Standard,499,2025-06-11,2025-08-10,0,cancelled
2857,Standard,499,2025-05-14,2025-05-18,0,cancelled
2858,Basic,199,2025-08-12,2025-09-07,0,cancelled
2859,Standard,499,2025-06-02,,1,active
2860,Basic,199,2025-02-02,2025-02-06,0,cancelled
2861,Basic,199,2025-02-24,2025-03-08,0,cancelled
2862,Basic,199,2025-01-07,2025-09-15,0,cancelled
2863,Basic,199,2025-09-01,,1,active
2864,Basic,199,2025-05-06,,1,active
2865,Premium,999,2025-01-12,2025-03-11,0,cancelled
2866,Basic,199,2025-01-16,2025-09-06,0,cancelled
2867,Basic,199,2025-07-27,2025-08-20,0,cancelled
2868,Basic,199,2025-02-12,,1,active
2869,Standard,499,2025-05-15,2025-07-14,0,cancelled
2870,Standard,499,2025-08-16,,1,active
2871,Standard,499,2025-04-21,2025-05-08,0,cancelled
2872,Standard,499,2025-06-09,2025-08-11,0,cancelled
2873,Premium,999,2025-09-21,,1,active
2874,Premium,999,2025-08-13,,1,active
2875,Standard,499,2025-08-05,,1,active
2876,Basic,199,2025-02-14,2025-07-19,0,cancelled
2877,Standard,499,2025-08-02,2025-08-23,0,cancelled
2878,Standard,499,2025-02-28,2025-04-03,0,cancelled
2879,Standard,499,2025-05-12,2025-05-29,0,cancelled
2880,Standard,499,2025-04-14,2025-08-10,0,cancelled
2881,Standard,499,2025-07-14,,1,active
2882,Standard,499,2025-06-06,,1,active
2883,Basic,199,2025-04-08,2025-05-30,0,cancelled
2884,Basic,199,2025-08-14,,1,active
2885,Basic,199,2025-07-24,2025-08-07,0,cancelled
2886,Premium,999,2025-03-20,2025-07-17,0,cancelled
2887,Standard,499,2025-05-04,,1,active
2888,Standard,499,2025-08-06,2025-08-08,0,cancelled
2889,Standard,499,2025-01-04,2025-01-30,0,cancelled
2890,Standard,499,2025-03-31,,1,active
2891,Premium,999,2025-04-14,2025-10-25,0,cancelled
2892,Standard,499,2025-04-29,2025-06-03,0,cancelled
2893,Standard,499,2025-05-13,2025-05-15,0,cancelled
2894,Standard,499,2025-04-06,2025-07-23,0,cancelled
2895,Basic,199,2025-05-23,2025-06-27,0,cancelled
2896,Standard,499,2025-01-28,2025-06-07,0,cancelled
2897,Basic,199,2025-08-21,,1,active
2898,Basic,199,2025-01-17,2025-07-16,0,cancelled
2899,Standard,499,2025-02-28,2025-05-28,0,cancelled
2900,Standard,499,2025-03-31,2025-05-29,0,cancelled
2901,Premium,999,2025-07-18,2025-07-31,0,cancelled
2902,Basic,199,2025-01-26,2025-10-20,0,cancelled
2903,Basic,199,2025-01-25,,1,active
2904,Basic,199,2025-09-24,,1,active
2905,Basic,199,2025-06-30,2025-08-01,0,cancelled
2906,Basic,199,2025-03-09,2025-05-29,0,cancelled
2907,Basic,199,2025-02-18,,1,active
2908,Basic,199,2025-06-24,,1,active
2909,Basic,199,2025-02-21,2025-07-16,0,cancelled
2910,Basic,199,2025-04-12,2025-05-04,0,cancelled
2911,Standard,499,2025-08-04,,1,active
2912,Basic,199,2025-07-07,2025-08-07,0,cancelled
2913,Standard,499,2025-02-26,2025-07-09,0,cancelled
2914,Standard,499,2025-02-16,2025-09-02,0,cancelled
2915,Basic,199,2025-06-08,,1,active
2916,Premium,999,2025-06-23,2025-07-13,0,cancelled
2917,Standard,499,2025-08-30,,1,active
2918,Standard,499,2025-08-29,,1,active
2919,Basic,199,2025-01-05,2025-05-04,0,cancelled
2920,Standard,499,2025-03-25,2025-07-15,0,cancelled
2921,Standard,499,2025-09-05,,1,active
2922,Basic,199,2025-02-23,2025-04-26,0,cancelled
2923,Basic,199,2025-06-10,2025-07-09,0,cancelled
2924,Basic,199,2025-08-14,2025-08-21,0,cancelled
2925,Standard,499,2025-01-15,2025-01-29,0,cancelled
2926,Basic,199,2025-08-12,,1,active
2927,Standard,499,2025-03-02,2025-03-20,0,cancelled
2928,Basic,199,2025-05-02,,1,active
2929,Standard,499,2025-02-15,2025-03-09,0,cancelled
2930,Basic,199,2025-03-03,2025-03-06,0,cancelled
2931,Basic,199,2025-03-27,2025-05-05,0,cancelled
2932,Standard,499,2025-07-29,2025-08-06,0,cancelled
2933,Basic,199,2025-03-19,2025-04-10,0,cancelled
2934,Basic,199,2025-07-21,2025-08-02,0,cancelled
2935,Basic,199,2025-08-11,2025-08-12,0,cancelled
2936,Standard,499,2025-08-10,,1,active
2937,Premium,999,2025-01-03,2025-08-15,0,cancelled
2938,Standard,499,2025-01-06,2025-04-08,0,cancelled
2939,Basic,199,2025-04-03,2025-04-21,0,cancelled
2940,Basic,199,2025-01-08,2025-07-08,0,cancelled
2941,Standard,499,2025-08-23,2025-10-22,0,cancelled
2942,Standard,499,2025-04-18,2025-05-29,0,cancelled
2943,Basic,199,2025-06-10,,1,active
2944,Basic,199,2025-07-28,2025-09-18,0,cancelled
2945,Basic,199,2025-08-28,,1,active
2946,Standard,499,2025-02-19,2025-08-03,0,cancelled
2947,Basic,199,2025-01-11,2025-04-07,0,cancelled
2948,Standard,499,2025-06-05,2025-10-05,0,cancelled
2949,Basic,199,2025-03-11,2025-04-09,0,cancelled
2950,Basic,199,2025-06-18,2025-06-23,0,cancelled
2951,Basic,199,2025-09-29,,1,active
2952,Basic,199,2025-03-09,2025-06-23,0,cancelled
2953,Basic,199,2025-09-09,2025-10-17,0,cancelled
2954,Basic,199,2025-02-17,2025-08-16,0,cancelled
2955,Basic,199,2025-07-03,,1,active
2956,Basic,199,2025-07-06,,1,active
2957,Basic,199,2025-03-31,2025-05-05,0,cancelled
2958,Premium,999,2025-05-19,2025-09-01,0,cancelled
2959,Standard,499,2025-03-30,,1,active
2960,Standard,499,2025-01-19,2025-03-19,0,cancelled
2961,Basic,199,2025-06-03,,1,active
2962,Basic,199,2025-09-17,2025-10-10,0,cancelled
2963,Basic,199,2025-04-18,,1,active
2964,Standard,499,2025-02-28,2025-04-14,0,cancelled
2965,Basic,199,2025-05-05,2025-08-14,0,cancelled
2966,Basic,199,2025-04-17,2025-05-23,0,cancelled
2967,Standard,499,2025-09-02,2025-10-08,0,cancelled
2968,Basic,199,2025-09-04,,1,active
2969,Basic,199,2025-01-08,,1,active
2970,Basic,199,2025-05-21,,1,active
2971,Standard,499,2025-01-08,2025-07-10,0,cancelled
2972,Standard,499,2025-04-04,,1,active
2973,Basic,199,2025-02-08,,1,active
2974,Basic,199,2025-03-22,2025-03-25,0,cancelled
2975,Standard,499,2025-07-06,2025-09-16,0,cancelled
2976,Basic,199,2025-03-25,,1,active
2977,Standard,499,2025-03-29,2025-09-23,0,cancelled
2978,Standard,499,2025-08-30,,1,active
2979,Basic,199,2025-04-03,2025-08-02,0,cancelled
2980,Basic,199,2025-03-27,,1,active
2981,Standard,499,2025-02-13,2025-02-26,0,cancelled
2982,Basic,199,2025-05-17,,1,active
2983,Basic,199,2025-03-15,2025-08-07,0,cancelled
2984,Standard,499,2025-02-05,2025-04-01,0,cancelled
2985,Basic,199,2025-04-11,2025-04-20,0,cancelled
2986,Basic,199,2025-06-05,,1,active
2987,Basic,199,2025-09-12,,1,active
2988,Standard,499,2025-06-20,2025-10-26,0,cancelled
2989,Basic,199,2025-08-04,2025-10-01,0,cancelled
2990,Premium,999,2025-06-19,2025-07-15,0,cancelled
2991,Standard,499,2025-09-09,,1,active
2992,Basic,199,2025-02-24,2025-05-09,0,cancelled
2993,Basic,199,2025-04-01,2025-08-08,0,cancelled
2994,Basic,199,2025-04-11,,1,active
2995,Standard,499,2025-06-04,2025-06-27,0,cancelled
2996,Standard,499,2025-05-21,2025-10-14,0,cancelled
2997,Standard,499,2025-06-22,,1,active
2998,Basic,199,2025-01-10,2025-08-10,0,cancelled
2999,Standard,499,2025-08-16,,1,active
3000,Basic,199,2025-09-22,,1,active
